Trial,time,PositionX,PositionY,PositionZ,RotationQX,RotationQY,RotationQZ,RotationQW
3,0,0.5767694,1.402154,0.222748,0.2198479,-0.4262089,-0.584747,-0.6542813
3,0.01111111,0.5802872,1.396783,0.2221498,0.2157745,-0.431254,-0.5831192,-0.653784
3,0.02222222,0.5845037,1.391526,0.2221482,0.2096305,-0.4367779,-0.5820308,-0.6530852
3,0.03333334,0.5878491,1.384989,0.2224936,0.2038411,-0.4414984,-0.5781786,-0.6551623
3,0.04444445,0.5917249,1.378699,0.2223475,0.1980148,-0.4458467,-0.57577,-0.6561249
3,0.05555556,0.5952427,1.371597,0.2234061,0.1896491,-0.4495461,-0.5729963,-0.6584959
3,0.06666667,0.5989535,1.364025,0.2245252,0.1813554,-0.4520563,-0.5699748,-0.6617281
3,0.07777778,0.6020927,1.355112,0.2266212,0.1709135,-0.4523398,-0.5669929,-0.6668556
3,0.08888889,0.6048851,1.34538,0.2292807,0.1608423,-0.4511862,-0.5639469,-0.6726996
3,0.1,0.6070623,1.33568,0.2318256,0.1521436,-0.4499818,-0.5604565,-0.6784227
3,0.1111111,0.6092865,1.326264,0.2343428,0.1442243,-0.4501259,-0.5563796,-0.6833944
3,0.1222222,0.6108024,1.315809,0.2371118,0.1371833,-0.4499034,-0.551004,-0.6893202
3,0.1333333,0.611774,1.305195,0.2402775,0.1307984,-0.4496793,-0.5461004,-0.6945896
3,0.1444445,0.6119797,1.293957,0.2434835,0.1243819,-0.448264,-0.5421503,-0.6997584
3,0.1555556,0.6115117,1.282258,0.247323,0.116936,-0.4454364,-0.5398977,-0.7045728
3,0.1666667,0.611119,1.270522,0.2509305,0.1089697,-0.442236,-0.5372469,-0.7098724
3,0.1777778,0.6084752,1.245374,0.2600164,0.09291475,-0.4304442,-0.5303364,-0.7244501
3,0.1888889,0.6060593,1.231868,0.2651536,0.08573176,-0.4211187,-0.5253296,-0.7343963
3,0.2,0.6030324,1.218495,0.2702243,0.0780319,-0.4128989,-0.5202891,-0.7434546
3,0.2111111,0.5996547,1.204703,0.2752469,0.06997878,-0.4058239,-0.5147559,-0.751955
3,0.2222222,0.5959549,1.191093,0.2802389,0.06200504,-0.4001411,-0.5092206,-0.759432
3,0.2333333,0.5922265,1.177813,0.2849813,0.05411423,-0.3945022,-0.5043313,-0.7662178
3,0.2444444,0.587558,1.16435,0.2903771,0.04653188,-0.3886623,-0.500299,-0.7723195
3,0.2555556,0.5827367,1.151123,0.2955322,0.0392023,-0.382176,-0.4961879,-0.77859
3,0.2666667,0.5754819,1.137516,0.301805,0.03320266,-0.3721098,-0.4915802,-0.7866263
3,0.2777778,0.5689235,1.124097,0.3076963,0.02665697,-0.3620915,-0.4864258,-0.7947133
3,0.2888889,0.5608451,1.110696,0.3143096,0.02123504,-0.3491873,-0.4805614,-0.804163
3,0.3,0.5528021,1.09755,0.3203773,0.0156663,-0.3372295,-0.4738714,-0.8133122
3,0.3111111,0.5432384,1.084473,0.326848,0.01077727,-0.3240949,-0.4658886,-0.8232826
3,0.3222222,0.5432384,1.084473,0.326848,0.01077727,-0.3240949,-0.4658886,-0.8232826
3,0.3333333,0.5239449,1.060378,0.3395281,0.002657977,-0.3011401,-0.448974,-0.8412669
3,0.3444445,0.5134475,1.049027,0.3458493,-0.0007977762,-0.2900172,-0.4426254,-0.8485118
3,0.3555556,0.503196,1.037765,0.3521252,-0.005022984,-0.2784843,-0.4379937,-0.8547414
3,0.3666667,0.503196,1.037765,0.3521252,-0.005022984,-0.2784843,-0.4379937,-0.8547414
3,0.3777778,0.4794564,1.017185,0.3651962,-0.01189293,-0.2513508,-0.4338002,-0.8651583
3,0.3888889,0.4666584,1.007925,0.371819,-0.01331849,-0.2367068,-0.4292465,-0.8715159
3,0.4,0.4666584,1.007925,0.371819,-0.01331849,-0.2367068,-0.4292465,-0.8715159
3,0.4111111,0.4534063,0.9990839,0.3783586,-0.01381269,-0.222095,-0.4232503,-0.878261
3,0.4222222,0.4400949,0.9909765,0.3848786,-0.01427553,-0.2073877,-0.4160808,-0.8852476
3,0.4333333,0.4132593,0.9755024,0.3975241,-0.0150421,-0.1797445,-0.4015298,-0.8979084
3,0.4444444,0.3993335,0.9691031,0.4037995,-0.0149461,-0.1668913,-0.3951261,-0.9032161
3,0.4555556,0.3850484,0.9633735,0.4099109,-0.01460792,-0.1534051,-0.3904575,-0.9076324
3,0.4666667,0.3708458,0.9575967,0.4160717,-0.0138349,-0.1388791,-0.3853834,-0.9121408
3,0.4777778,0.355773,0.9535276,0.4219813,-0.01090285,-0.1224829,-0.3809297,-0.9163906
3,0.4888889,0.3405693,0.9501796,0.4278362,-0.006991269,-0.1065319,-0.377175,-0.9199681
3,0.5,0.3254268,0.9477547,0.4336059,-0.002660005,-0.0920184,-0.3738342,-0.9229158
3,0.5111111,0.3103826,0.9459745,0.4391658,0.001295225,-0.07866806,-0.3699351,-0.9257202
3,0.5222223,0.2954733,0.9438064,0.4447434,0.004930826,-0.06538306,-0.3651491,-0.9286371
3,0.5333334,0.2954733,0.9438064,0.4447434,0.004930826,-0.06538306,-0.3651491,-0.9286371
3,0.5444446,0.2650473,0.9440746,0.4552557,0.01637357,-0.0378046,-0.354309,-0.9342205
3,0.5555557,0.2499003,0.9452282,0.4604008,0.02272356,-0.0232739,-0.3494439,-0.9363925
3,0.5666668,0.2499003,0.9452282,0.4604008,0.02272356,-0.0232739,-0.3494439,-0.9363925
3,0.577778,0.2351215,0.9471234,0.465133,0.02974079,-0.01000384,-0.3446693,-0.9381996
3,0.5888891,0.2207999,0.9495674,0.4696646,0.03707342,0.001543288,-0.3402666,-0.9395967
3,0.6000003,0.2065969,0.9518144,0.4740312,0.04420706,0.012911,-0.3359775,-0.9407434
3,0.6111114,0.1926033,0.9555864,0.478318,0.05265895,0.02337344,-0.3320472,-0.9415017
3,0.6222225,0.1789842,0.9599259,0.482374,0.0618978,0.03484531,-0.3276002,-0.9421426
3,0.6333337,0.1656697,0.9645982,0.4866455,0.07099043,0.0460071,-0.3243196,-0.9421574
3,0.6444448,0.1529152,0.9689389,0.4903736,0.07956427,0.05668437,-0.3212196,-0.9419525
3,0.655556,0.1406522,0.9744184,0.4941089,0.08821633,0.0653587,-0.3189128,-0.9414037
3,0.6666671,0.1288767,0.9804386,0.4979722,0.0963193,0.07229298,-0.3154962,-0.9412537
3,0.6777782,0.1179335,0.9867363,0.5015712,0.1045022,0.07848367,-0.3105069,-0.9415441
3,0.6888894,0.1064026,0.9928617,0.5053043,0.1129177,0.08568338,-0.3047933,-0.9418116
3,0.7000005,0.09634829,1.000501,0.5088639,0.1224322,0.09182387,-0.3003917,-0.9414582
3,0.7111117,0.08563471,1.007429,0.5123122,0.1318546,0.09898841,-0.2969091,-0.940564
3,0.7222228,0.07587576,1.01514,0.5155733,0.1422251,0.1054882,-0.2950875,-0.9389184
3,0.7333339,0.06632161,1.023199,0.5187252,0.1527787,0.1114051,-0.2947092,-0.9366932
3,0.7444451,0.0574162,1.031393,0.5216742,0.1630147,0.1170355,-0.2939582,-0.9345146
3,0.7555562,0.04834867,1.039357,0.5248282,0.1728706,0.1225523,-0.2922045,-0.9325842
3,0.7666674,0.04017425,1.04822,0.5278831,0.1820709,0.1270061,-0.2894001,-0.9311107
3,0.7777785,0.03262782,1.057253,0.530823,0.1912086,0.130151,-0.2861286,-0.9298551
3,0.7888896,0.02517056,1.066789,0.5337727,0.2001117,0.1325129,-0.2826739,-0.9287041
3,0.8000008,0.0177505,1.07585,0.536485,0.2089092,0.1350029,-0.2790181,-0.9275128
3,0.8111119,0.01095939,1.085841,0.5391998,0.2176898,0.1362684,-0.275425,-0.9263818
3,0.8222231,0.004459143,1.095846,0.5415485,0.2269887,0.1385466,-0.2712661,-0.9250382
3,0.8333342,-0.002239704,1.106053,0.5436172,0.2365714,0.1420207,-0.2674741,-0.9232128
3,0.8444453,-0.008991718,1.115766,0.5456421,0.2459398,0.1459308,-0.2648507,-0.9209082
3,0.8555565,-0.01536214,1.126221,0.5471823,0.2557511,0.1499882,-0.2639318,-0.9178425
3,0.8666676,-0.02167726,1.136746,0.5489116,0.2658634,0.1533688,-0.2633867,-0.9145612
3,0.8777788,-0.02753365,1.147229,0.5502448,0.2763763,0.1561074,-0.2626787,-0.9111786
3,0.8888899,-0.03330731,1.157853,0.5515878,0.2866017,0.158235,-0.2611339,-0.9080915
3,0.900001,-0.03823662,1.168732,0.5529158,0.297099,0.1589697,-0.2598612,-0.9049491
3,0.9111122,-0.04339254,1.179561,0.5542567,0.3070525,0.1601843,-0.2584571,-0.9018091
3,0.9222233,-0.04780543,1.190422,0.5551982,0.3171535,0.1615603,-0.2577232,-0.898271
3,0.9333345,-0.05232799,1.201296,0.5561993,0.3275014,0.1643729,-0.257888,-0.89399
3,0.9444456,-0.05643928,1.212338,0.5571549,0.3378447,0.1669828,-0.2585084,-0.8894668
3,0.9555568,-0.05993712,1.223406,0.5580106,0.348411,0.1682876,-0.2592678,-0.884912
3,0.9666679,-0.0625633,1.235028,0.559036,0.3589975,0.1667713,-0.2608812,-0.8804823
3,0.977779,-0.06553769,1.246363,0.56004,0.369157,0.1658669,-0.2612183,-0.8763426
3,0.9888902,-0.06822801,1.257677,0.5610325,0.3790803,0.1642708,-0.2614356,-0.8723329
3,1.000001,-0.07002544,1.269404,0.5620127,0.3890743,0.1621151,-0.260689,-0.8685512
3,1.011112,-0.07160985,1.28098,0.5625412,0.3988257,0.1608012,-0.260447,-0.8644354
3,1.022224,-0.0730412,1.292398,0.5633199,0.4081884,0.160413,-0.2608941,-0.8599908
3,1.033335,-0.07411218,1.303585,0.5638938,0.4173138,0.1594591,-0.2628739,-0.8551721
3,1.044446,-0.07534981,1.31482,0.5647638,0.4261995,0.1580496,-0.2650166,-0.8503767
3,1.055557,-0.07611561,1.325936,0.5652277,0.4350952,0.156211,-0.2672434,-0.8455005
3,1.066668,-0.07564116,1.337496,0.565866,0.4430632,0.1527627,-0.2692207,-0.8413554
3,1.077779,-0.07558894,1.349045,0.5663569,0.4516025,0.1492921,-0.2706842,-0.8369571
3,1.08889,-0.07429993,1.360708,0.5665457,0.4597406,0.1442955,-0.2719045,-0.8329978
3,1.100002,-0.07383192,1.372197,0.5670524,0.4680303,0.1402773,-0.2730714,-0.8286749
3,1.111113,-0.07236135,1.38383,0.5671506,0.4763014,0.1359904,-0.2733952,-0.8245597
3,1.122224,-0.0711211,1.395569,0.5674996,0.4843975,0.1324378,-0.2730685,-0.8205199
3,1.133335,-0.06936383,1.407155,0.5673289,0.4926135,0.1283472,-0.2732053,-0.8162217
3,1.144446,-0.0678761,1.418671,0.5675874,0.5004457,0.1238878,-0.2739279,-0.8118924
3,1.155557,-0.06556654,1.430346,0.5675082,0.5080355,0.1184722,-0.2749715,-0.8076231
3,1.166668,-0.06303418,1.441854,0.567347,0.5155923,0.112639,-0.27658,-0.8031068
3,1.17778,-0.06041622,1.453262,0.5673711,0.5230927,0.1060683,-0.2780184,-0.7986422
3,1.188891,-0.05738723,1.464323,0.5669734,0.5307488,0.09922162,-0.278693,-0.7942235
3,1.200002,-0.05437303,1.475689,0.5666623,0.5384295,0.09211053,-0.2787963,-0.789862
3,1.211113,-0.05108929,1.486921,0.5660243,0.5456014,0.08554399,-0.2790009,-0.7855952
3,1.222224,-0.04800832,1.497793,0.5653582,0.5524393,0.079547,-0.2793534,-0.7813097
3,1.233335,-0.04455745,1.508626,0.564666,0.5588049,0.07377089,-0.2799848,-0.7771123
3,1.244446,-0.04109621,1.519378,0.5638261,0.5654028,0.06799762,-0.2806515,-0.7726129
3,1.255558,-0.03714705,1.530664,0.5627069,0.572177,0.06225583,-0.2809769,-0.7679778
3,1.266669,-0.03254962,1.541066,0.5607977,0.5792556,0.05601652,-0.2815512,-0.7629246
3,1.27778,-0.02895331,1.551444,0.5597181,0.5859414,0.0492108,-0.2822466,-0.7580158
3,1.288891,-0.02423859,1.561612,0.5581527,0.5920814,0.04138822,-0.2832728,-0.7533149
3,1.300002,-0.01988912,1.57163,0.556973,0.5980339,0.0335604,-0.2839451,-0.7487352
3,1.311113,-0.01463974,1.581167,0.5551631,0.6033872,0.02478071,-0.2845107,-0.744556
3,1.322224,-0.009929419,1.590757,0.553463,0.6090781,0.01760396,-0.2844315,-0.7401437
3,1.333336,-0.004809141,1.599913,0.5515659,0.6144167,0.01139574,-0.2842536,-0.7359091
3,1.344447,0.0001876354,1.60898,0.5495875,0.6196464,0.005220208,-0.284549,-0.7314664
3,1.355558,0.005552769,1.617823,0.5471492,0.6247269,-0.001146951,-0.285564,-0.7267519
3,1.366669,0.01110649,1.626123,0.5445914,0.6300123,-0.00769015,-0.2865609,-0.7217397
3,1.37778,0.01669002,1.634046,0.5420659,0.6351648,-0.01441867,-0.2883084,-0.716405
3,1.388891,0.02248526,1.64158,0.5393455,0.6402676,-0.0219548,-0.2909464,-0.7105812
3,1.400002,0.0285089,1.648745,0.5366488,0.6447963,-0.02954289,-0.2935762,-0.7051086
3,1.411114,0.03450108,1.65616,0.5337031,0.6492151,-0.03669374,-0.2954039,-0.6999357
3,1.422225,0.041013,1.662543,0.5306039,0.6528916,-0.04329846,-0.2968,-0.6955341
3,1.433336,0.04759192,1.668629,0.5277145,0.6562874,-0.05007472,-0.2976511,-0.691508
3,1.444447,0.05452919,1.674416,0.5247209,0.6596861,-0.0568633,-0.2977497,-0.6876962
3,1.455558,0.06136608,1.680386,0.5217423,0.6629409,-0.06404231,-0.2982529,-0.6837056
3,1.466669,0.06837654,1.685212,0.5189531,0.6654488,-0.07148723,-0.2989695,-0.6802093
3,1.47778,0.07578897,1.68969,0.5160928,0.6676303,-0.07883848,-0.299829,-0.676873
3,1.488891,0.08326387,1.693702,0.5129759,0.6698438,-0.08616301,-0.3007104,-0.6733934
3,1.500003,0.09038687,1.697866,0.5102789,0.6719738,-0.09363618,-0.3018727,-0.6697436
3,1.511114,0.09785891,1.70135,0.5072098,0.6740759,-0.1008483,-0.3021622,-0.6664454
3,1.522225,0.1057136,1.704118,0.5041144,0.6755219,-0.1079436,-0.3025593,-0.6636839
3,1.533336,0.1135836,1.706628,0.5011582,0.6772414,-0.1150961,-0.3019613,-0.6609965
3,1.544447,0.1212671,1.709096,0.4982378,0.678479,-0.1223097,-0.3018326,-0.6584859
3,1.555558,0.129252,1.710782,0.4955249,0.6794575,-0.1299392,-0.3014396,-0.6561918
3,1.566669,0.1371555,1.711881,0.4927368,0.6805848,-0.1377632,-0.3019538,-0.6531842
3,1.577781,0.1449816,1.712555,0.489836,0.6817378,-0.1446838,-0.3028787,-0.6500497
3,1.588892,0.1527724,1.712916,0.4872732,0.6830199,-0.1505287,-0.3040634,-0.6468157
3,1.600003,0.1605711,1.713356,0.484499,0.6839018,-0.1571527,-0.3055778,-0.6435866
3,1.611114,0.168483,1.712938,0.4820583,0.6840734,-0.163884,-0.3073471,-0.6408771
3,1.622225,0.1767886,1.712144,0.4796598,0.6834812,-0.1710343,-0.3084201,-0.6391227
3,1.633336,0.1850107,1.710929,0.4774513,0.6824176,-0.1785767,-0.3086974,-0.6380615
3,1.644447,0.1934197,1.709827,0.4749105,0.6817495,-0.1863333,-0.3084233,-0.6366888
3,1.655559,0.2019544,1.707996,0.4727821,0.6806622,-0.1941206,-0.3065757,-0.6364178
3,1.66667,0.2104115,1.705802,0.4706962,0.6792663,-0.2022206,-0.304983,-0.6361522
3,1.677781,0.2186942,1.703728,0.4686811,0.678,-0.2093557,-0.3036754,-0.6358204
3,1.688892,0.2267425,1.700324,0.46714,0.6766503,-0.2147297,-0.3022662,-0.6361373
3,1.700003,0.2350991,1.697463,0.4651642,0.6751505,-0.2211187,-0.3021087,-0.6356168
3,1.711114,0.2431233,1.693635,0.4635351,0.6728994,-0.2278136,-0.302819,-0.6353015
3,1.722225,0.2514834,1.689581,0.461992,0.6701353,-0.2358177,-0.303052,-0.6351915
3,1.733337,0.2598629,1.68522,0.4606588,0.6672071,-0.2442284,-0.3018478,-0.6356691
3,1.744448,0.26825,1.681007,0.4592946,0.6645494,-0.2521878,-0.3001932,-0.6361285
3,1.755559,0.2766414,1.676076,0.4582217,0.6615486,-0.2602463,-0.2975788,-0.6372379
3,1.76667,0.2851202,1.670899,0.4571626,0.6585627,-0.2685613,-0.2954078,-0.6378905
3,1.777781,0.2934821,1.665402,0.4563251,0.6552528,-0.2770784,-0.2938206,-0.6383893
3,1.788892,0.3019352,1.659569,0.4555223,0.6514861,-0.2859106,-0.2924349,-0.6389858
3,1.800003,0.3104601,1.653856,0.454778,0.6476555,-0.2942526,-0.2900891,-0.6401609
3,1.811115,0.3191221,1.647427,0.4544089,0.6434659,-0.3022358,-0.2856121,-0.6426749
3,1.822226,0.3278046,1.641199,0.4540212,0.6394341,-0.3105201,-0.2805342,-0.6449821
3,1.833337,0.3367298,1.63463,0.4541593,0.6341354,-0.3204505,-0.274072,-0.6481268
3,1.844448,0.3456402,1.628033,0.4546638,0.6275067,-0.3316939,-0.2681227,-0.6514022
3,1.855559,0.3544011,1.62138,0.4554143,0.6212637,-0.3417383,-0.2604603,-0.6552913
3,1.86667,0.3626366,1.614622,0.4564857,0.6154607,-0.3499283,-0.2515763,-0.6598998
3,1.877781,0.3707795,1.607922,0.4574842,0.6098976,-0.3576422,-0.2434627,-0.6639601
3,1.888893,0.3783131,1.600981,0.4590697,0.6042652,-0.3643157,-0.2352229,-0.6684369
3,1.900004,0.3855171,1.594376,0.4611006,0.5977052,-0.3722456,-0.2281762,-0.6723968
3,1.911115,0.3920386,1.588008,0.4637733,0.5897525,-0.3814066,-0.223126,-0.6759703
3,1.922226,0.3982232,1.581813,0.4667525,0.582285,-0.3891309,-0.2172763,-0.6799355
3,1.933337,0.4036987,1.575904,0.4701838,0.5758297,-0.3951509,-0.2095441,-0.6843737
3,1.944448,0.4093275,1.570021,0.4731171,0.5694537,-0.4009406,-0.2012593,-0.6888134
3,1.955559,0.4138174,1.564504,0.4771614,0.5630562,-0.4048848,-0.1910009,-0.6946617
3,1.966671,0.418057,1.559094,0.481149,0.5563232,-0.4091555,-0.1798217,-0.7005429
3,1.977782,0.4214191,1.554138,0.485297,0.5504007,-0.4122775,-0.16741,-0.706442
3,1.988893,0.4251673,1.548939,0.4894025,0.5448259,-0.4154493,-0.15529,-0.7116542
3,2.000004,0.4275236,1.544565,0.4937074,0.5399693,-0.4184823,-0.1423351,-0.7162727
3,2.011115,0.4298158,1.540409,0.4980817,0.5337166,-0.4241887,-0.1339641,-0.7192109
3,2.022226,0.4306328,1.536879,0.5025754,0.5274218,-0.4295848,-0.1302475,-0.7213313
3,2.033337,0.4315438,1.533084,0.5073287,0.5224136,-0.4327085,-0.1249392,-0.7240426
3,2.044448,0.4297178,1.530896,0.5123706,0.5206782,-0.4309723,-0.1204532,-0.727082
3,2.055559,0.4281011,1.528403,0.5173521,0.518617,-0.4289705,-0.1136313,-0.7308274
3,2.06667,0.4267814,1.525609,0.5224802,0.5155692,-0.4280345,-0.1065793,-0.7345855
3,2.077781,0.4241326,1.523359,0.5278206,0.5122634,-0.4264085,-0.09912238,-0.7388754
3,2.088892,0.4219313,1.520886,0.5330939,0.5077499,-0.4264165,-0.0921892,-0.742873
3,2.100003,0.4181838,1.519096,0.5384295,0.503172,-0.4271705,-0.08638221,-0.7462449
3,2.111114,0.413698,1.517949,0.5437346,0.5000804,-0.4259939,-0.08115567,-0.749575
3,2.122225,0.4084852,1.517041,0.5490165,0.4985238,-0.4223582,-0.07611749,-0.7531891
3,2.133336,0.4022605,1.516537,0.5542951,0.497554,-0.4172781,-0.0720975,-0.7570475
3,2.144447,0.3963306,1.515934,0.5597339,0.4957815,-0.4129006,-0.06783387,-0.7609944
3,2.155558,0.3889349,1.515981,0.5650287,0.4949955,-0.4062025,-0.06380527,-0.7654462
3,2.166669,0.3812439,1.516329,0.5701981,0.4943455,-0.4000725,-0.05898116,-0.7694712
3,2.17778,0.3731623,1.516799,0.5749536,0.4939182,-0.3950129,-0.05555373,-0.7726083
3,2.188891,0.3646226,1.517488,0.5793152,0.4941496,-0.3899961,-0.05312027,-0.7751758
3,2.200002,0.3564587,1.518198,0.5836239,0.4936591,-0.3851466,-0.05041801,-0.778088
3,2.211113,0.3471327,1.519291,0.5877388,0.4938071,-0.3790326,-0.04760481,-0.7811675
3,2.222224,0.3382208,1.520507,0.5920806,0.4940708,-0.3724742,-0.04299461,-0.784416
3,2.233335,0.3284302,1.521941,0.5957239,0.495225,-0.3641779,-0.03663491,-0.7878989
3,2.244446,0.3178468,1.523835,0.5989499,0.4963422,-0.3561046,-0.02992572,-0.7911628
3,2.255557,0.3078258,1.525355,0.6024086,0.4968827,-0.3488537,-0.02456417,-0.7942325
3,2.266668,0.2972915,1.52721,0.6054842,0.497567,-0.3408963,-0.02019494,-0.7973763
3,2.277779,0.286211,1.529439,0.6081667,0.4987889,-0.3329199,-0.01793817,-0.8000327
3,2.28889,0.2754247,1.531538,0.6107745,0.5004531,-0.3250287,-0.0160661,-0.8022749
3,2.300001,0.2636492,1.534214,0.6126971,0.5035743,-0.3163496,-0.0154777,-0.8038012
3,2.311112,0.2520695,1.537059,0.6142414,0.5075024,-0.3072963,-0.0143288,-0.8048633
3,2.322223,0.240459,1.539919,0.6152635,0.5115513,-0.2985351,-0.01252453,-0.8056272
3,2.333334,0.2286813,1.542626,0.6162174,0.5146008,-0.2904857,-0.01116481,-0.8066471
3,2.344445,0.2169142,1.545253,0.6171966,0.5170561,-0.282429,-0.009532491,-0.8079579
3,2.355556,0.2051804,1.547901,0.6180694,0.5195093,-0.2738584,-0.006852694,-0.8093607
3,2.366668,0.1935387,1.550574,0.6183369,0.521895,-0.2643231,-0.002627347,-0.8110192
3,2.377779,0.1817534,1.553196,0.6184638,0.5238768,-0.2544574,0.001435173,-0.8128976
3,2.38889,0.1700468,1.555915,0.6184905,0.5259171,-0.2443244,0.005676195,-0.8146685
3,2.400001,0.1582658,1.558514,0.6185346,0.5279638,-0.2346965,0.009528349,-0.8161379
3,2.411112,0.1467223,1.561064,0.6177611,0.5301885,-0.2257256,0.01346362,-0.8171701
3,2.422223,0.1351857,1.5635,0.6167877,0.5323241,-0.2172973,0.01632653,-0.8180138
3,2.433334,0.123632,1.56599,0.6156378,0.5346662,-0.2091713,0.01868036,-0.8185539
3,2.444445,0.1119549,1.568517,0.613879,0.5377713,-0.2006855,0.02128858,-0.8185806
3,2.455556,0.1000957,1.57083,0.6117134,0.5410528,-0.1911478,0.02308601,-0.8186521
3,2.466667,0.08794427,1.573161,0.6099985,0.5436818,-0.1810624,0.02421382,-0.8191705
3,2.477778,0.07580042,1.575379,0.6075113,0.5469341,-0.168401,0.02495631,-0.8196837
3,2.488889,0.0633831,1.577456,0.6049478,0.5506445,-0.1548849,0.02595822,-0.8198339
3,2.5,0.05117822,1.57943,0.6021399,0.5545443,-0.1422589,0.02534238,-0.8195125
3,2.511111,0.03920245,1.581115,0.5989501,0.5583639,-0.1315017,0.02349381,-0.8187705
3,2.522222,0.02744532,1.582737,0.5957825,0.5617486,-0.1214293,0.02249028,-0.818039
3,2.533333,0.01630998,1.583995,0.591625,0.5654778,-0.112561,0.02286379,-0.8167266
3,2.544444,0.005022526,1.58526,0.5877843,0.5687687,-0.1022485,0.02362476,-0.8157753
3,2.555555,-0.005721331,1.586182,0.5835199,0.5717251,-0.0909721,0.0241535,-0.8150284
3,2.566666,-0.01665866,1.587125,0.5794818,0.5746558,-0.07934119,0.02415152,-0.814182
3,2.577777,-0.02762508,1.588135,0.5748737,0.5774961,-0.06699813,0.02284804,-0.8133188
3,2.588888,-0.0382632,1.58853,0.5700669,0.5803357,-0.05521266,0.02211114,-0.8122027
3,2.599999,-0.04849851,1.588467,0.564893,0.5832664,-0.04387115,0.02172432,-0.8108044
3,2.61111,-0.05840337,1.588438,0.5597451,0.5860956,-0.03238244,0.02112876,-0.8093188
3,2.622221,-0.06834543,1.58829,0.5544202,0.5892823,-0.02077926,0.02034393,-0.8074037
3,2.633332,-0.07754278,1.587827,0.5487099,0.5930346,-0.01030509,0.0183071,-0.8049029
3,2.644443,-0.08644831,1.587345,0.5427046,0.5970318,-0.0005324311,0.01594776,-0.8020589
3,2.655554,-0.09503293,1.5865,0.5367382,0.6010879,0.009000506,0.012908,-0.7990281
3,2.666665,-0.1037656,1.58562,0.5308912,0.6045905,0.01845125,0.01021397,-0.7962572
3,2.677776,-0.1118884,1.584526,0.5246947,0.6077068,0.02703753,0.008414188,-0.7936565
3,2.688887,-0.1196693,1.583264,0.518723,0.6103207,0.03754084,0.008518793,-0.7912185
3,2.699998,-0.1271449,1.581583,0.5123658,0.6129285,0.04879864,0.007224324,-0.788597
3,2.711109,-0.1347443,1.57975,0.5064204,0.6152263,0.05975048,0.00472085,-0.7860689
3,2.72222,-0.1423697,1.578015,0.5003636,0.6174898,0.07028707,0.002841978,-0.7834271
3,2.733331,-0.1492307,1.575745,0.4941967,0.619356,0.08005055,0.002207414,-0.7810155
3,2.744442,-0.1558082,1.573667,0.4880512,0.6208885,0.08912173,0.002481074,-0.7788124
3,2.755553,-0.1623021,1.571311,0.4819751,0.6228704,0.09864523,0.001552221,-0.7760794
3,2.766664,-0.1689219,1.568889,0.4758565,0.6251078,0.1082047,-0.0008277837,-0.7730016
3,2.777775,-0.175464,1.566058,0.4697406,0.6279957,0.1184545,-0.005849834,-0.7691266
3,2.788886,-0.181649,1.562971,0.4635234,0.6317026,0.1294376,-0.01156369,-0.7642409
3,2.799997,-0.1873949,1.559613,0.4569194,0.6360503,0.1393719,-0.01694135,-0.7587678
3,2.811108,-0.1931229,1.556346,0.4506252,0.6397063,0.1485075,-0.0217568,-0.7538223
3,2.822219,-0.1976771,1.55272,0.4447424,0.6428962,0.1562749,-0.02606607,-0.7493886
3,2.83333,-0.2025988,1.54919,0.4388781,0.6455801,0.1655299,-0.02973674,-0.7449443
3,2.844441,-0.2070931,1.545486,0.4331753,0.648235,0.1743068,-0.0340171,-0.7404401
3,2.855552,-0.211067,1.541353,0.4277256,0.6512664,0.1814694,-0.03920517,-0.735788
3,2.866663,-0.2150749,1.537197,0.4222896,0.6540343,0.189249,-0.04355336,-0.7311136
3,2.877774,-0.2179345,1.532115,0.4170866,0.6562918,0.1975019,-0.04826632,-0.7265978
3,2.888885,-0.2213402,1.527121,0.412178,0.6582389,0.2073674,-0.05396466,-0.7216703
3,2.899997,-0.2246087,1.521838,0.4076056,0.6606464,0.2170721,-0.06155653,-0.7159867
3,2.911108,-0.2277832,1.516758,0.4028423,0.6631495,0.2261381,-0.06874929,-0.7101886
3,2.922219,-0.2299906,1.511192,0.398653,0.6660655,0.233913,-0.07653172,-0.7041197
3,2.93333,-0.2322159,1.505913,0.3943062,0.6686249,0.2406904,-0.08357394,-0.6985874
3,2.944441,-0.2334911,1.500291,0.3906689,0.6705391,0.2464029,-0.09044354,-0.6938897
3,2.955552,-0.2342691,1.494589,0.387506,0.6717808,0.2540621,-0.09684711,-0.6890455
3,2.966663,-0.2355039,1.488961,0.3841617,0.672912,0.2619115,-0.1038217,-0.6839685
3,2.977774,-0.2354087,1.48332,0.3822954,0.6721568,0.2699168,-0.1101935,-0.6805937
3,2.988885,-0.2354863,1.477835,0.3802884,0.6704392,0.278355,-0.1153727,-0.6780257
3,2.999996,-0.2354194,1.472345,0.3780825,0.6688538,0.2863882,-0.1213212,-0.675202
3,3.011107,-0.2347186,1.466977,0.3766804,0.6669181,0.2937446,-0.1284679,-0.6726295
3,3.022218,-0.2341563,1.46167,0.3752406,0.6659202,0.2998729,-0.1365102,-0.6693217
3,3.033329,-0.2320058,1.457086,0.3745384,0.6647719,0.3043322,-0.1461884,-0.6664003
3,3.04444,-0.2302455,1.452376,0.3732517,0.6643475,0.3097014,-0.1541197,-0.6625515
3,3.055551,-0.2273117,1.448361,0.372282,0.6651077,0.3132543,-0.1623501,-0.6581382
3,3.066662,-0.2237996,1.445027,0.3715219,0.6664844,0.3155061,-0.1709726,-0.6534699
3,3.077773,-0.2205657,1.441564,0.3708692,0.6671196,0.317786,-0.1795417,-0.6494061
3,3.088884,-0.2163544,1.438894,0.3706918,0.6677479,0.3178251,-0.1879159,-0.6463649
3,3.099995,-0.2117229,1.436745,0.3707268,0.6676062,0.3178371,-0.1949494,-0.6444193
3,3.111106,-0.2066282,1.435061,0.3710632,0.6666135,0.3178439,-0.201972,-0.64328
3,3.122217,-0.2017088,1.432986,0.3712463,0.6657851,0.3185916,-0.2093158,-0.6414176
3,3.133328,-0.1961732,1.431882,0.371769,0.6651967,0.3189359,-0.2168008,-0.6393674
3,3.144439,-0.1905758,1.431091,0.3720903,0.6655319,0.3188731,-0.2253329,-0.6360914
3,3.15555,-0.1843847,1.430747,0.3727872,0.6669277,0.3161635,-0.2345794,-0.6326299
3,3.166661,-0.178429,1.430429,0.3732543,0.6681601,0.3133874,-0.2435638,-0.6293069
3,3.177772,-0.1716423,1.430902,0.373913,0.6700427,0.3088231,-0.2521139,-0.6261866
3,3.188883,-0.1642649,1.43231,0.3748789,0.6715969,0.303362,-0.2588512,-0.6244399
3,3.199994,-0.1572109,1.432995,0.3755641,0.6724816,0.2996534,-0.2657238,-0.6223884
3,3.211105,-0.1500176,1.434654,0.3769164,0.6734185,0.2949319,-0.2728511,-0.6205441
3,3.222216,-0.1426015,1.435746,0.3776062,0.6743919,0.2902403,-0.2807946,-0.6181509
3,3.233327,-0.1349081,1.437589,0.3786669,0.6763744,0.2830029,-0.289791,-0.6151815
3,3.244438,-0.1267146,1.439726,0.3795116,0.6790256,0.2748504,-0.299114,-0.6114838
3,3.255549,-0.1185162,1.442142,0.380265,0.6819202,0.2666984,-0.3076333,-0.6076336
3,3.26666,-0.1103959,1.444587,0.3811622,0.6844895,0.2580253,-0.3162741,-0.6040428
3,3.277771,-0.1024648,1.447171,0.3822324,0.6859817,0.2505836,-0.3246408,-0.6010369
3,3.288882,-0.09428489,1.449921,0.3833406,0.6869417,0.2418589,-0.3331349,-0.5988626
3,3.299993,-0.08637702,1.452191,0.3845541,0.6877876,0.2339019,-0.3414008,-0.5963922
3,3.311104,-0.07822669,1.454955,0.3858383,0.6878498,0.2257511,-0.3493868,-0.5948344
3,3.322215,-0.0698427,1.4577,0.3871002,0.6876729,0.2173616,-0.3571331,-0.5935622
3,3.333326,-0.06150532,1.46043,0.3883567,0.6876434,0.2088177,-0.3646028,-0.5921203
3,3.344437,-0.05300927,1.463517,0.389245,0.6872364,0.2001967,-0.3708726,-0.5916765
3,3.355548,-0.04460764,1.466476,0.390317,0.6867422,0.1918507,-0.3770538,-0.5911082
3,3.366659,-0.0360477,1.469639,0.3910716,0.6855767,0.1836813,-0.3830174,-0.591222
3,3.37777,-0.02746117,1.472862,0.3918409,0.6846101,0.1755193,-0.3892227,-0.5907687
3,3.388881,-0.01908231,1.476084,0.3927658,0.6836086,0.1667052,-0.3962801,-0.5897887
3,3.399992,-0.01052094,1.479199,0.3935323,0.6824593,0.1577881,-0.4037656,-0.5884944
3,3.411103,-0.002155066,1.482602,0.3942413,0.6811601,0.1480539,-0.4124384,-0.5865113
3,3.422215,0.006447554,1.485772,0.3949854,0.6797351,0.1389871,-0.4202571,-0.5848307
3,3.433326,0.01481962,1.489162,0.3955951,0.6783615,0.1297453,-0.4274793,-0.5833123
3,3.444437,0.02340364,1.492722,0.3959129,0.6770532,0.1202344,-0.4331735,-0.5826692
3,3.455548,0.0319128,1.496338,0.3962474,0.6751052,0.1107733,-0.4381394,-0.5830919
3,3.466659,0.04058003,1.499996,0.3967321,0.6724444,0.1020066,-0.4428922,-0.5841743
3,3.47777,0.04910707,1.503525,0.3972731,0.6696863,0.09357032,-0.448106,-0.5847785
3,3.488881,0.05754542,1.507073,0.3976862,0.6663879,0.08517735,-0.4541534,-0.5851639
3,3.499992,0.0658021,1.510582,0.3979425,0.663904,0.07669005,-0.4606618,-0.5840726
3,3.511103,0.0741241,1.514227,0.397913,0.6622041,0.06750866,-0.4669725,-0.5821213
3,3.522214,0.08247828,1.517929,0.397963,0.6603675,0.05810945,-0.472739,-0.5805652
3,3.533325,0.09089518,1.521872,0.3977666,0.6585588,0.04797552,-0.4783641,-0.5789356
3,3.544436,0.09945416,1.525715,0.3971875,0.6568877,0.03777677,-0.4833571,-0.5774403
3,3.555547,0.1078506,1.52972,0.3967574,0.6550333,0.02820062,-0.4881142,-0.5760908
3,3.566658,0.1163273,1.533748,0.3962009,0.6532245,0.01939337,-0.4928424,-0.5744807
3,3.577769,0.1244943,1.53781,0.3955646,0.6512579,0.01073644,-0.4979467,-0.5725355
3,3.58888,0.1323729,1.542073,0.3951387,0.6492691,0.001889885,-0.5034713,-0.570055
3,3.599991,0.1401556,1.546457,0.3945994,0.6467617,-0.00694808,-0.5092744,-0.5677064
3,3.611102,0.1479011,1.551047,0.3939834,0.6449814,-0.01584511,-0.5142205,-0.5650887
3,3.622213,0.1557012,1.555594,0.3933499,0.6434123,-0.02439444,-0.518634,-0.5625339
3,3.633324,0.1633229,1.560384,0.3925493,0.6421002,-0.03278953,-0.5225406,-0.5599853
3,3.644435,0.1707518,1.565429,0.3915751,0.6407059,-0.04147097,-0.5265324,-0.557261
3,3.655546,0.1779702,1.570366,0.3906567,0.6388312,-0.04985029,-0.5308182,-0.5546545
3,3.666657,0.1854167,1.57527,0.3895934,0.6367244,-0.0581741,-0.5353412,-0.5519127
3,3.677768,0.1925485,1.580193,0.3883178,0.6347635,-0.06571642,-0.5400507,-0.5487276
3,3.688879,0.199389,1.585106,0.3868566,0.6329582,-0.07322405,-0.5452111,-0.544745
3,3.69999,0.2063704,1.589961,0.3853636,0.6308092,-0.08122774,-0.5505537,-0.5407147
3,3.711101,0.2134066,1.594744,0.3834636,0.6284926,-0.0889115,-0.5566002,-0.5359926
3,3.722212,0.2202325,1.599444,0.3814762,0.6261594,-0.09685378,-0.5628771,-0.5307667
3,3.733323,0.2269859,1.604078,0.3795025,0.6234391,-0.1052925,-0.5695039,-0.5252642
3,3.744434,0.2336748,1.608769,0.3773439,0.6206876,-0.1135929,-0.5759721,-0.5197113
3,3.755545,0.2403622,1.613345,0.3748789,0.6184767,-0.1212645,-0.5814102,-0.5145324
3,3.766656,0.2471013,1.617913,0.3721135,0.6166065,-0.1291846,-0.5861944,-0.5093958
3,3.777767,0.2539885,1.622488,0.3693373,0.6146569,-0.137444,-0.5904484,-0.5046551
3,3.788878,0.2607951,1.627086,0.3662124,0.6131581,-0.1458447,-0.5934376,-0.500598
3,3.799989,0.2674749,1.631776,0.3621116,0.6128572,-0.154851,-0.5923452,-0.4995543
3,3.8111,0.2743657,1.636382,0.3584111,0.611955,-0.1635966,-0.5924473,-0.4977485
3,3.822211,0.2812071,1.640873,0.3541033,0.6114494,-0.172466,-0.5902561,-0.4979789
3,3.833322,0.2883255,1.645055,0.3495491,0.6110753,-0.1814495,-0.587198,-0.4988603
3,3.844433,0.2952833,1.649158,0.3450916,0.6105112,-0.1907205,-0.5847498,-0.4989684
3,3.855544,0.3021271,1.652273,0.3399732,0.6099709,-0.2022187,-0.582123,-0.4981726
3,3.866655,0.3088934,1.655617,0.3352759,0.6092036,-0.2124464,-0.580735,-0.4964721
3,3.877766,0.3152843,1.657934,0.3301678,0.6091681,-0.2221577,-0.5785297,-0.494837
3,3.888877,0.3215003,1.659903,0.3248558,0.6093138,-0.2311564,-0.5759375,-0.4935578
3,3.899988,0.3277383,1.661716,0.319864,0.6090659,-0.239924,-0.5734614,-0.4925619
3,3.911099,0.3334572,1.662009,0.3146527,0.6089366,-0.248307,-0.5700021,-0.4925824
3,3.92221,0.3394949,1.662976,0.3094289,0.6088827,-0.256793,-0.566741,-0.4920608
3,3.933321,0.3449383,1.662633,0.3043892,0.6092218,-0.26491,-0.5631585,-0.491451
3,3.944432,0.3504117,1.661984,0.2993286,0.6091003,-0.2733653,-0.5606577,-0.4898277
3,3.955544,0.3557622,1.660538,0.29456,0.6082142,-0.2815823,-0.5595782,-0.4875031
3,3.966655,0.3608811,1.658755,0.2901525,0.6065549,-0.2888557,-0.559353,-0.4855696
3,3.977766,0.3662555,1.65762,0.2855172,0.6054061,-0.2963072,-0.557993,-0.4840757
3,3.988877,0.3712835,1.653998,0.281688,0.6032678,-0.3013781,-0.5582926,-0.4832686
3,3.999988,0.3765612,1.651242,0.2775397,0.6015021,-0.3078507,-0.5574237,-0.4823921
3,4.011099,0.3819387,1.64687,0.274051,0.5990768,-0.3155922,-0.5560301,-0.4820157
3,4.02221,0.3876839,1.643374,0.2700133,0.5972098,-0.3241324,-0.553854,-0.4811698
3,4.033321,0.3933814,1.639171,0.2664676,0.5960392,-0.3330099,-0.5492527,-0.4818332
3,4.044433,0.39924,1.63485,0.2630742,0.5955371,-0.3411668,-0.5425822,-0.4842989
3,4.055544,0.4050443,1.630102,0.2600873,0.5951993,-0.3481474,-0.5349122,-0.4882625
3,4.066655,0.4108829,1.625576,0.2572184,0.5944164,-0.3551491,-0.5283837,-0.4912727
3,4.077766,0.4164591,1.620489,0.2551014,0.592236,-0.3618888,-0.5227496,-0.4950009
3,4.088878,0.4223797,1.614895,0.2535682,0.5886908,-0.3691795,-0.5191127,-0.4976663
3,4.099989,0.4286404,1.608799,0.2524455,0.5832347,-0.3793153,-0.5179458,-0.4976841
3,4.1111,0.434536,1.602945,0.250911,0.5789087,-0.3887053,-0.5150105,-0.498535
3,4.122211,0.4403181,1.596654,0.2501364,0.5746714,-0.3984535,-0.510636,-0.5002384
3,4.133323,0.4461553,1.590578,0.2492585,0.5709763,-0.4078065,-0.5047521,-0.502897
3,4.144434,0.4523022,1.583775,0.2495832,0.5695018,-0.4150658,-0.4932465,-0.5099962
3,4.155545,0.4580028,1.577319,0.2492948,0.5678144,-0.4217227,-0.4836579,-0.5155696
3,4.166656,0.4634018,1.570483,0.249965,0.5664885,-0.4270905,-0.4728221,-0.5226124
3,4.177768,0.4689782,1.563321,0.2512031,0.563415,-0.4334933,-0.4634092,-0.529055
3,4.188879,0.4743342,1.555951,0.2526584,0.5587925,-0.4415821,-0.4557491,-0.5338999
3,4.19999,0.4795218,1.548486,0.2544458,0.5527849,-0.4513505,-0.4492834,-0.5374533
3,4.211102,0.4846959,1.540745,0.2564003,0.5470334,-0.4615463,-0.4410096,-0.5415163
3,4.222213,0.4896231,1.533126,0.2582052,0.5430502,-0.4698637,-0.4301635,-0.5470686
3,4.233324,0.4947338,1.525408,0.2605569,0.5391687,-0.4784768,-0.4169922,-0.5536016
3,4.244435,0.4990659,1.517561,0.2638149,0.5358647,-0.4860553,-0.3992179,-0.5632269
3,4.255547,0.5026815,1.509873,0.2687924,0.5332893,-0.4894112,-0.379113,-0.5765004
3,4.266658,0.5059054,1.502042,0.2741292,0.5290996,-0.4924643,-0.3641302,-0.5873174
3,4.277769,0.5080681,1.494437,0.2798188,0.5240847,-0.4949488,-0.3515777,-0.597289
3,4.28888,0.5101793,1.486904,0.2857156,0.5183974,-0.4980679,-0.3392096,-0.6067367
3,4.299992,0.5112991,1.479538,0.2923481,0.5111683,-0.500674,-0.3282333,-0.616681
3,4.311103,0.5122452,1.472391,0.2995412,0.5037254,-0.504247,-0.3163169,-0.6260506
3,4.322214,0.5131724,1.465222,0.305994,0.4969825,-0.5080849,-0.3030772,-0.6348247
3,4.333325,0.5131269,1.458798,0.3136885,0.4908221,-0.5110544,-0.2885316,-0.6439462
3,4.344437,0.5124092,1.452842,0.3218534,0.4859792,-0.5113519,-0.2746943,-0.6533656
3,4.355548,0.5112352,1.446925,0.3300505,0.4815764,-0.5099007,-0.2621701,-0.6628365
3,4.366659,0.5089304,1.441972,0.3391755,0.4786039,-0.5048625,-0.2525308,-0.6725179
3,4.37777,0.5054142,1.437826,0.3484335,0.475376,-0.500226,-0.2471403,-0.6802304
3,4.388882,0.5015545,1.434189,0.3581164,0.4716044,-0.4948429,-0.2445979,-0.6876712
3,4.399993,0.497931,1.430169,0.3676965,0.4677176,-0.4906177,-0.2416078,-0.6943776
3,4.411104,0.4928195,1.427608,0.3774865,0.4648732,-0.4855481,-0.2431355,-0.6993005
3,4.422215,0.4878781,1.425357,0.3871019,0.4626719,-0.4807327,-0.2430111,-0.704114
3,4.433327,0.4829345,1.423483,0.3965757,0.4614126,-0.4754525,-0.2409466,-0.7092166
3,4.444438,0.4782367,1.421283,0.4060988,0.4589008,-0.470891,-0.2378744,-0.7149039
3,4.455549,0.4736414,1.420485,0.4154603,0.4569477,-0.4666276,-0.2327434,-0.7206165
3,4.46666,0.4693401,1.419,0.4245651,0.4548974,-0.4625118,-0.2278513,-0.7261095
3,4.477772,0.4650643,1.418323,0.4337173,0.4522126,-0.4593473,-0.2239838,-0.7309824
3,4.488883,0.4608994,1.417814,0.4432569,0.4484186,-0.4567086,-0.2214953,-0.7357159
3,4.499994,0.4565833,1.417143,0.4526668,0.445035,-0.4532809,-0.2186839,-0.7407143
3,4.511106,0.4521005,1.417402,0.4617598,0.4411878,-0.4499458,-0.2159245,-0.745841
3,4.522217,0.4475729,1.417582,0.4705374,0.4391174,-0.4458629,-0.2112641,-0.7508327
3,4.533328,0.4429004,1.418082,0.4798191,0.4372872,-0.4426731,-0.2063983,-0.7551293
3,4.544439,0.438473,1.418949,0.4878788,0.436678,-0.4403329,-0.2007112,-0.7583762
3,4.555551,0.4340055,1.41993,0.4964674,0.4353634,-0.4373223,-0.1959378,-0.7621132
3,4.566662,0.4291964,1.421177,0.504899,0.4339505,-0.4338459,-0.1936682,-0.7654786
3,4.577773,0.4239182,1.422724,0.5139558,0.4313317,-0.4297137,-0.19532,-0.7688624
3,4.588884,0.4182212,1.42441,0.5229716,0.4288418,-0.4248514,-0.1975038,-0.7723913
3,4.599996,0.4125493,1.426022,0.5314963,0.4277575,-0.4203829,-0.1965865,-0.7756646
3,4.611107,0.4065986,1.428063,0.539089,0.4285981,-0.4159442,-0.1925147,-0.7786092
3,4.622218,0.4000695,1.430048,0.5466988,0.428102,-0.4125174,-0.1889076,-0.781583
3,4.633329,0.3934817,1.432122,0.5539491,0.4270006,-0.4089286,-0.1858091,-0.7848076
3,4.644441,0.3864639,1.434292,0.5610988,0.4257482,-0.4048024,-0.1828145,-0.7883225
3,4.655552,0.3795898,1.436555,0.568368,0.4247547,-0.4004545,-0.1800087,-0.7917175
3,4.666663,0.3713388,1.4391,0.575093,0.4255877,-0.3931654,-0.1753949,-0.7959477
3,4.677774,0.3624387,1.441939,0.5817466,0.4268453,-0.3844527,-0.1716198,-0.8003411
3,4.688886,0.3540528,1.444643,0.5886014,0.4278744,-0.3769805,-0.1691221,-0.80387
3,4.699997,0.3441551,1.447901,0.5943353,0.4303567,-0.3685595,-0.1679832,-0.8066838
3,4.711108,0.3341031,1.451276,0.5996296,0.4331426,-0.3601747,-0.1668733,-0.8092064
3,4.722219,0.3236964,1.455008,0.6041973,0.4371333,-0.3514197,-0.1653499,-0.8112202
3,4.733331,0.3129385,1.458866,0.608434,0.4408727,-0.3429088,-0.1650357,-0.8129011
3,4.744442,0.3017292,1.462644,0.6122766,0.4445865,-0.3346545,-0.1660196,-0.8141172
3,4.755553,0.2907643,1.466437,0.6160779,0.4485514,-0.3264131,-0.1660974,-0.8152717
3,4.766665,0.2789736,1.470428,0.6188526,0.4541463,-0.3171588,-0.1656105,-0.8159257
3,4.777776,0.2669644,1.474273,0.6212282,0.4595713,-0.3071839,-0.1640894,-0.8170111
3,4.788887,0.2551742,1.477978,0.6237113,0.4645321,-0.2975679,-0.1624408,-0.8180931
3,4.799998,0.2427399,1.481816,0.6252594,0.469942,-0.2877447,-0.1600255,-0.8189929
3,4.81111,0.2300348,1.485404,0.6264722,0.4748288,-0.2778095,-0.1583884,-0.8199224
3,4.822221,0.2176614,1.488883,0.6277409,0.4796008,-0.2678592,-0.157077,-0.8207079
3,4.833332,0.2048264,1.492269,0.6279714,0.4845331,-0.2572049,-0.1561023,-0.8214045
3,4.844443,0.191839,1.495605,0.627634,0.4901186,-0.2463969,-0.1552512,-0.8215653
3,4.855555,0.1788464,1.49874,0.6259356,0.4971128,-0.2349295,-0.154225,-0.8209152
3,4.866666,0.1662538,1.501769,0.6249678,0.5032968,-0.2238301,-0.1531166,-0.8204558
3,4.877777,0.1536429,1.504649,0.6235721,0.5096565,-0.2128516,-0.1525945,-0.8195484
3,4.888888,0.1409996,1.507458,0.6201367,0.5174991,-0.2015485,-0.1518673,-0.8176242
3,4.9,0.1287606,1.509975,0.616806,0.5247433,-0.1898008,-0.1507338,-0.8160267
3,4.911111,0.1163886,1.512285,0.613853,0.5315294,-0.1778073,-0.1503506,-0.8144053
3,4.922222,0.1038642,1.514038,0.6098111,0.5388764,-0.1653815,-0.1511363,-0.8120463
3,4.933333,0.09189701,1.515739,0.6052268,0.546672,-0.1520893,-0.1519971,-0.8092685
3,4.944445,0.08037901,1.517386,0.5998642,0.5550152,-0.1390479,-0.1529825,-0.8057421
3,4.955556,0.06840324,1.518912,0.5949388,0.5629459,-0.1266314,-0.1536664,-0.8021491
3,4.966667,0.05784798,1.520122,0.5886748,0.5714504,-0.115437,-0.1547765,-0.7975984
3,4.977778,0.04781604,1.521372,0.5820036,0.5795312,-0.1051523,-0.1539049,-0.7933473
3,4.98889,0.03850174,1.522297,0.5751157,0.587325,-0.09501932,-0.1520842,-0.7892346
3,5.000001,0.02849913,1.52308,0.5686264,0.5944047,-0.08362869,-0.1506742,-0.785485
3,5.011112,0.01942801,1.523396,0.5613234,0.6013774,-0.07083013,-0.149731,-0.7816067
3,5.022223,0.01043367,1.523635,0.5538285,0.6085745,-0.05715779,-0.1503528,-0.7770227
3,5.033335,0.001926899,1.523633,0.545912,0.6165535,-0.0443884,-0.1519466,-0.7712352
3,5.044446,-0.005851984,1.523451,0.5376692,0.625168,-0.03363961,-0.1545572,-0.7642941
3,5.055557,-0.01413488,1.523369,0.5297916,0.6332052,-0.02437492,-0.1565633,-0.7575916
3,5.066669,-0.02053773,1.522925,0.5211449,0.6407505,-0.01844206,-0.1581148,-0.7510649
3,5.07778,-0.02695274,1.522891,0.5123861,0.6476284,-0.01057402,-0.157187,-0.7454917
3,5.088891,-0.03225875,1.522144,0.5035331,0.6538506,-0.001021912,-0.1538475,-0.7408167
3,5.100002,-0.0377233,1.520843,0.4938123,0.6600748,0.01149218,-0.1519202,-0.7355879
3,5.111114,-0.04290533,1.519186,0.4845736,0.6655965,0.02338924,-0.1536053,-0.7299587
3,5.122225,-0.04739046,1.51769,0.4751589,0.6717361,0.03344005,-0.1570954,-0.723169
3,5.133336,-0.0518353,1.515949,0.465595,0.6779775,0.04233487,-0.1592992,-0.7163646
3,5.144447,-0.05377889,1.513639,0.4554937,0.6844986,0.04719164,-0.1583142,-0.7100502
3,5.155559,-0.05654085,1.511784,0.4455886,0.690071,0.05346708,-0.1561488,-0.7046707
3,5.16667,-0.05790424,1.509545,0.4353495,0.6944996,0.05966606,-0.1508413,-0.7009688
3,5.177781,-0.05891633,1.506831,0.4252141,0.6984686,0.06731834,-0.1468123,-0.6971772
3,5.188892,-0.06036484,1.503786,0.4150403,0.7023401,0.07647493,-0.1458403,-0.6925321
3,5.200004,-0.06199002,1.500662,0.4049485,0.7067795,0.08569369,-0.1461083,-0.6868565
3,5.211115,-0.06299984,1.496913,0.3946824,0.7121714,0.09479854,-0.148693,-0.6794966
3,5.222226,-0.06348753,1.492935,0.3846033,0.7179583,0.101254,-0.1517583,-0.6717538
3,5.233337,-0.06368625,1.489124,0.374608,0.7230507,0.1059173,-0.1524241,-0.6653917
3,5.244449,-0.06317031,1.48523,0.3654203,0.7265756,0.110815,-0.1499033,-0.6613146
3,5.25556,-0.06260467,1.481574,0.3567336,0.7291502,0.1174287,-0.1456474,-0.6582837
3,5.266671,-0.06235421,1.477695,0.3482513,0.7318784,0.1247135,-0.1433376,-0.6544119
3,5.277782,-0.06212103,1.469082,0.3337708,0.7362562,0.1397538,-0.146072,-0.6458008
3,5.288894,-0.06212103,1.469082,0.3337708,0.7362562,0.1397538,-0.146072,-0.6458008
3,5.300005,-0.06183672,1.464972,0.326514,0.738928,0.1462509,-0.1483996,-0.6407603
3,5.311116,-0.06113875,1.460806,0.3206003,0.7409669,0.1503952,-0.1516294,-0.6366773
3,5.322227,-0.05957556,1.456724,0.314256,0.7429161,0.1542953,-0.1532996,-0.6330624
3,5.333339,-0.05835986,1.453712,0.310358,0.744101,0.1562645,-0.154528,-0.6308852
3,5.34445,-0.0566045,1.450982,0.3067715,0.7450393,0.1581127,-0.1549302,-0.6292166
3,5.355561,-0.05353296,1.447688,0.3029583,0.7450695,0.1601481,-0.15425,-0.628833
3,5.366673,-0.05353296,1.447688,0.3029583,0.7450695,0.1601481,-0.15425,-0.628833
3,5.377784,-0.05173075,1.446463,0.3021526,0.744477,0.1620628,-0.1537373,-0.6291698
3,5.388895,-0.0502007,1.445505,0.3017182,0.7440602,0.1635441,-0.1537804,-0.6292689
3,5.400006,-0.0483377,1.445364,0.3028467,0.7435867,0.1628892,-0.1548126,-0.6297452
3,5.411118,-0.04662335,1.446103,0.3055317,0.7432777,0.1593328,-0.1570426,-0.6304673
3,5.422229,-0.04472625,1.447467,0.3093307,0.7426705,0.1532631,-0.1599725,-0.6319491
3,5.43334,-0.04288077,1.448698,0.3125322,0.7419917,0.1482529,-0.1619466,-0.6334373
3,5.444451,-0.04083371,1.451772,0.3194554,0.7400476,0.1405424,-0.1630808,-0.6371673
3,5.455563,-0.03914559,1.453755,0.3245125,0.7386444,0.1352872,-0.1640494,-0.6396793
3,5.466674,-0.0374738,1.456861,0.331742,0.7363901,0.1278153,-0.1655141,-0.6434268
3,5.477785,-0.0359298,1.459626,0.3384304,0.7341004,0.1214391,-0.1671563,-0.6468446
3,5.488896,-0.03454626,1.463118,0.3470047,0.7306041,0.1144038,-0.1693593,-0.6514959
3,5.500008,-0.0329628,1.466827,0.3557138,0.726549,0.1078565,-0.1708889,-0.6567271
3,5.511119,-0.0318085,1.470718,0.3652787,0.7220383,0.1011389,-0.1711284,-0.6626816
3,5.52223,-0.02857316,1.478565,0.3843081,0.7139408,0.08725844,-0.1673009,-0.6743033
3,5.533341,-0.02857316,1.478565,0.3843081,0.7139408,0.08725844,-0.1673009,-0.6743033
3,5.544453,-0.02530241,1.48683,0.4043553,0.7045763,0.07200132,-0.1584958,-0.6879442
3,5.555564,-0.02530241,1.48683,0.4043553,0.7045763,0.07200132,-0.1584958,-0.6879442
3,5.566675,-0.02368164,1.494807,0.4258726,0.693013,0.05908607,-0.153638,-0.7018812
3,5.577786,-0.02368164,1.494807,0.4258726,0.693013,0.05908607,-0.153638,-0.7018812
3,5.588898,-0.02409375,1.50206,0.4466813,0.6813611,0.04920358,-0.1513034,-0.7144462
3,5.600009,-0.02409375,1.50206,0.4466813,0.6813611,0.04920358,-0.1513034,-0.7144462
3,5.61112,-0.02474058,1.505692,0.4566357,0.6751362,0.04536254,-0.1483975,-0.7211877
3,5.622231,-0.02532816,1.509414,0.4665062,0.6691815,0.04200485,-0.1429136,-0.7280161
3,5.633343,-0.02743375,1.517066,0.4844265,0.6604643,0.02951463,-0.1376448,-0.737543
3,5.644454,-0.02868295,1.520597,0.4931276,0.6568668,0.02307343,-0.136615,-0.741168
3,5.655565,-0.02868295,1.520597,0.4931276,0.6568668,0.02307343,-0.136615,-0.741168
3,5.666677,-0.03078401,1.524237,0.5006044,0.6545926,0.01801645,-0.1363543,-0.743365
3,5.677788,-0.03628051,1.531623,0.5142179,0.6503761,0.01292967,-0.1317398,-0.7479896
3,5.688899,-0.03628051,1.531623,0.5142179,0.6503761,0.01292967,-0.1317398,-0.7479896
3,5.70001,-0.03935051,1.535356,0.5208452,0.6477744,0.01097464,-0.1285949,-0.7508204
3,5.711122,-0.04372346,1.539059,0.5265248,0.6442388,0.00996732,-0.1260274,-0.7543038
3,5.722233,-0.04810894,1.542859,0.5323641,0.6394883,0.008256264,-0.1226766,-0.7589051
3,5.733344,-0.05181634,1.546281,0.5382309,0.6348754,0.005705159,-0.1200468,-0.7632099
3,5.744455,-0.05701065,1.549572,0.5432096,0.6296868,0.003659332,-0.1194193,-0.7676069
3,5.755567,-0.06272388,1.552944,0.5471184,0.6250973,0.003587691,-0.1176168,-0.7716261
3,5.766678,-0.06812966,1.556097,0.5497277,0.6220655,0.006604843,-0.1097308,-0.7752096
3,5.777789,-0.07343841,1.559533,0.5523758,0.6192983,0.008874617,-0.1010048,-0.7785814
3,5.7889,-0.08565736,1.565734,0.5540149,0.6166236,0.01467267,-0.08221543,-0.7828159
3,5.800012,-0.09286833,1.568172,0.5539815,0.6163573,0.01704487,-0.07940213,-0.7832678
3,5.811123,-0.09286833,1.568172,0.5539815,0.6163573,0.01704487,-0.07940213,-0.7832678
3,5.822234,-0.1083138,1.57221,0.5531361,0.6161795,0.02305757,-0.0800548,-0.7831874
3,5.833345,-0.1083138,1.57221,0.5531361,0.6161795,0.02305757,-0.0800548,-0.7831874
3,5.844457,-0.1178085,1.572659,0.5509894,0.6164476,0.03063198,-0.08101285,-0.782618
3,5.855568,-0.1261237,1.573908,0.5496144,0.6157385,0.03702531,-0.07850572,-0.7831552
3,5.866679,-0.135107,1.573892,0.5470331,0.6153488,0.04557651,-0.07486031,-0.7833675
3,5.87779,-0.1436313,1.574129,0.5445883,0.614885,0.05279695,-0.07027292,-0.7837032
3,5.888902,-0.1608824,1.571953,0.5363514,0.6136814,0.06894355,-0.05916514,-0.7843096
3,5.900013,-0.1608824,1.571953,0.5363514,0.6136814,0.06894355,-0.05916514,-0.7843096
3,5.911124,-0.1793312,1.566942,0.5262871,0.6135264,0.08975579,-0.0563565,-0.78253
3,5.922235,-0.1793312,1.566942,0.5262871,0.6135264,0.08975579,-0.0563565,-0.78253
3,5.933347,-0.188572,1.564259,0.5212417,0.6141404,0.1004652,-0.05650993,-0.7807336
3,5.944458,-0.1981984,1.559627,0.5141737,0.6163272,0.1140938,-0.06096477,-0.7767926
3,5.955569,-0.2164433,1.550447,0.5015342,0.6195632,0.1371224,-0.0660503,-0.7700496
3,5.966681,-0.2164433,1.550447,0.5015342,0.6195632,0.1371224,-0.0660503,-0.7700496
3,5.977792,-0.2344331,1.539482,0.4888551,0.6209714,0.1603046,-0.07046688,-0.7640231
3,5.988903,-0.2432152,1.532992,0.4824195,0.6208764,0.1734966,-0.0726707,-0.7610062
3,6.000014,-0.2515767,1.526481,0.4759719,0.6209135,0.1867606,-0.07489853,-0.7576128
3,6.011126,-0.2515767,1.526481,0.4759719,0.6209135,0.1867606,-0.07489853,-0.7576128
3,6.022237,-0.2593668,1.518482,0.4693205,0.6208407,0.2010299,-0.08004384,-0.7534831
3,6.033348,-0.2670984,1.511146,0.4629359,0.6205972,0.214628,-0.08386365,-0.7495071
3,6.044459,-0.2740355,1.502819,0.4563906,0.6196603,0.2287699,-0.08795853,-0.7456198
3,6.055571,-0.2806846,1.494422,0.4501221,0.6180547,0.2416167,-0.09090234,-0.7425407
3,6.066682,-0.2924169,1.477255,0.4380875,0.6139457,0.2661825,-0.09633963,-0.7368422
3,6.077793,-0.2924169,1.477255,0.4380875,0.6139457,0.2661825,-0.09633963,-0.7368422
3,6.088904,-0.2973552,1.467908,0.4322562,0.6111047,0.2799663,-0.1002133,-0.7335716
3,6.100016,-0.3021851,1.458202,0.426163,0.6082188,0.2947823,-0.1044986,-0.729557
3,6.111127,-0.3061981,1.448407,0.4204314,0.6056141,0.3090055,-0.1093036,-0.7251207
3,6.122238,-0.3123277,1.428767,0.4092777,0.6014323,0.3335889,-0.1199272,-0.7159715
3,6.133349,-0.3142478,1.419059,0.4044192,0.600175,0.3428199,-0.1266492,-0.7114946
3,6.144461,-0.3151467,1.409321,0.3997681,0.5995893,0.3515213,-0.1332561,-0.7065185
3,6.155572,-0.3164785,1.399853,0.3950064,0.5983799,0.3612157,-0.1390098,-0.7015277
3,6.166683,-0.315202,1.390303,0.3919137,0.5974596,0.3695971,-0.1460126,-0.6965058
3,6.177794,-0.3149252,1.380818,0.3882592,0.5956839,0.3784438,-0.1525879,-0.6918511
3,6.188906,-0.3137292,1.371138,0.3856568,0.592416,0.3868793,-0.1586332,-0.6886241
3,6.200017,-0.311664,1.362279,0.383554,0.5881306,0.3938376,-0.1633865,-0.6872404
3,6.211128,-0.3088459,1.353576,0.3823788,0.5837377,0.3994966,-0.1675408,-0.6867189
3,6.222239,-0.3065624,1.344935,0.3808208,0.5798794,0.4049637,-0.172172,-0.6856391
3,6.233351,-0.3029492,1.336852,0.380863,0.5758891,0.4080651,-0.1774268,-0.6858239
3,6.244462,-0.2991608,1.328702,0.3810475,0.571885,0.4126391,-0.1832674,-0.6849012
3,6.255573,-0.2953552,1.320431,0.3810611,0.5683128,0.4170482,-0.1896516,-0.6834645
3,6.266685,-0.2904723,1.312581,0.3818419,0.5658653,0.4194074,-0.1984808,-0.6815419
3,6.277796,-0.2852918,1.304937,0.3832471,0.5638528,0.4205566,-0.207998,-0.6796609
3,6.288907,-0.2796862,1.297643,0.385046,0.5617926,0.4206367,-0.2176112,-0.6783062
3,6.300018,-0.2744554,1.290216,0.3866184,0.5592538,0.4210782,-0.2265435,-0.6772048
3,6.31113,-0.2676256,1.283326,0.3894823,0.5565585,0.4197122,-0.23496,-0.6774054
3,6.322241,-0.2615217,1.276244,0.3914645,0.5529245,0.4203483,-0.2422332,-0.6774252
3,6.333352,-0.2545658,1.269306,0.3942955,0.5480242,0.4209815,-0.2496044,-0.6783375
3,6.344463,-0.2474732,1.262388,0.3973534,0.5428998,0.422147,-0.258284,-0.6784844
3,6.355575,-0.2400191,1.255198,0.4005234,0.5377564,0.4237854,-0.2684627,-0.6776075
3,6.366686,-0.2329392,1.247957,0.4039402,0.5328668,0.4252049,-0.2792601,-0.6762156
3,6.377797,-0.2254025,1.240795,0.4073391,0.528273,0.4260424,-0.291082,-0.6743046
3,6.388908,-0.21754,1.234285,0.4113843,0.5241653,0.4260521,-0.3043813,-0.6716267
3,6.40002,-0.2087333,1.227942,0.4156713,0.5215557,0.4237338,-0.3176138,-0.6689925
3,6.411131,-0.2087333,1.227942,0.4156713,0.5215557,0.4237338,-0.3176138,-0.6689925
3,6.422242,-0.1903704,1.216395,0.4247627,0.516851,0.4147148,-0.3412538,-0.6666502
3,6.433353,-0.180548,1.210719,0.4296088,0.5122046,0.4108204,-0.3515042,-0.6673214
3,6.444465,-0.1709436,1.204957,0.4345376,0.5062885,0.4091002,-0.3604357,-0.6681281
3,6.455576,-0.1608673,1.199363,0.4398155,0.4980651,0.4080823,-0.3678217,-0.6709003
3,6.466687,-0.1503892,1.194024,0.4456306,0.489086,0.405772,-0.3757436,-0.6745078
3,6.477798,-0.1503892,1.194024,0.4456306,0.489086,0.405772,-0.3757436,-0.6745078
3,6.48891,-0.1285126,1.183825,0.4578035,0.4728609,0.3967587,-0.3961834,-0.6797233
3,6.500021,-0.1173137,1.179511,0.4640586,0.4657162,0.3912456,-0.4074776,-0.6811735
3,6.511132,-0.1058177,1.175413,0.46983,0.4587679,0.3862526,-0.4177288,-0.6825274
3,6.522243,-0.1058177,1.175413,0.46983,0.4587679,0.3862526,-0.4177288,-0.6825274
3,6.533355,-0.09463763,1.171503,0.4757962,0.4520793,0.381276,-0.4277137,-0.6836037
3,6.544466,-0.0829252,1.168918,0.4818037,0.4465583,0.3754394,-0.4376199,-0.6841928
3,6.555577,-0.05911851,1.164856,0.4935956,0.4381819,0.3599079,-0.4588106,-0.6840729
3,6.566689,-0.04670966,1.163767,0.4994955,0.4341723,0.3501357,-0.4696721,-0.68433
3,6.5778,-0.03490472,1.16403,0.5054827,0.4288934,0.3406795,-0.4790017,-0.685963
3,6.588911,-0.02248073,1.164373,0.5113161,0.4227911,0.3311376,-0.4870282,-0.6887664
3,6.600022,-0.01016712,1.164823,0.5172276,0.4170205,0.3218818,-0.4943424,-0.6914562
3,6.611134,0.002147675,1.166543,0.5226622,0.4120541,0.3118047,-0.500291,-0.6947649
3,6.622245,0.01438165,1.168521,0.5281398,0.4072334,0.301569,-0.5073444,-0.6970069
3,6.633356,0.01438165,1.168521,0.5281398,0.4072334,0.301569,-0.5073444,-0.6970069
3,6.644467,0.03890729,1.17359,0.5381389,0.3974462,0.2825494,-0.5258088,-0.6969417
3,6.655579,0.0510385,1.17605,0.5427659,0.3934729,0.2737957,-0.5353479,-0.6954263
3,6.66669,0.06293106,1.179652,0.5466669,0.3911151,0.2650224,-0.5459232,-0.6919249
3,6.677801,0.07499623,1.183066,0.5508711,0.3884125,0.2557807,-0.5558438,-0.6890207
3,6.688912,0.08663774,1.187526,0.5545235,0.3862165,0.2468353,-0.5653877,-0.6857448
3,6.700024,0.09807634,1.192548,0.5578053,0.3833896,0.2377549,-0.5737694,-0.6835743
3,6.711135,0.09807634,1.192548,0.5578053,0.3833896,0.2377549,-0.5737694,-0.6835743
3,6.722246,0.1208472,1.2041,0.5633922,0.3774276,0.2196901,-0.5869433,-0.6817494
3,6.733357,0.1322765,1.209934,0.5661457,0.3741525,0.2099914,-0.5940075,-0.6804916
3,6.744469,0.1322765,1.209934,0.5661457,0.3741525,0.2099914,-0.5940075,-0.6804916
3,6.75558,0.1541066,1.223376,0.5707171,0.3685701,0.1888372,-0.610615,-0.6750154
3,6.766691,0.1646476,1.230493,0.5722244,0.3673616,0.1793246,-0.618244,-0.6713141
3,6.777802,0.174772,1.238077,0.5733964,0.366928,0.1699942,-0.6248747,-0.6678304
3,6.788914,0.1849113,1.246115,0.5743561,0.366535,0.1604472,-0.6305139,-0.6651023
3,6.800025,0.1950405,1.254011,0.5753071,0.3658019,0.1505253,-0.6362653,-0.6623425
3,6.811136,0.204793,1.262812,0.5759127,0.3650867,0.1398972,-0.6408879,-0.6606082
3,6.822248,0.2146807,1.271372,0.5765209,0.3637196,0.1291886,-0.6452717,-0.6592746
3,6.833359,0.2239993,1.281067,0.5767181,0.3611149,0.1174286,-0.6480324,-0.6601974
3,6.84447,0.2334869,1.290225,0.5770893,0.3588382,0.1062678,-0.6519675,-0.6594549
3,6.855581,0.242615,1.299788,0.5769866,0.3575154,0.09505458,-0.6550964,-0.6587839
3,6.866693,0.2514911,1.309653,0.5762434,0.3577573,0.0839168,-0.6589789,-0.6562886
3,6.877804,0.2603548,1.31927,0.5756209,0.3583302,0.07313625,-0.6628304,-0.6533808
3,6.888915,0.2686543,1.329181,0.5741773,0.3592781,0.06298393,-0.6662838,-0.6503985
3,6.900026,0.2769194,1.339026,0.5726233,0.3590122,0.05274381,-0.6697643,-0.6478766
3,6.911138,0.2847779,1.348976,0.5709903,0.3583288,0.0424523,-0.6735253,-0.6451061
3,6.922249,0.2847779,1.348976,0.5709903,0.3583288,0.0424523,-0.6735253,-0.6451061
3,6.93336,0.3005552,1.368989,0.5667629,0.3579285,0.02147171,-0.6796536,-0.6399198
3,6.944471,0.3076963,1.379416,0.5634134,0.3584437,0.01115964,-0.6812135,-0.6382333
3,6.955583,0.3151441,1.389491,0.5604746,0.3589248,0.000504899,-0.6828412,-0.636318
3,6.966694,0.3220375,1.39982,0.5568938,0.3602365,-0.01060824,-0.6836479,-0.6346202
3,6.977805,0.3290203,1.410029,0.5532241,0.3616362,-0.02162013,-0.6841739,-0.6329755
3,6.988916,0.3347816,1.420391,0.5481875,0.365319,-0.03291099,-0.6832917,-0.6313251
3,7.000028,0.3412013,1.430513,0.5436311,0.3677325,-0.04416849,-0.6831645,-0.6293713
3,7.011139,0.3467932,1.440571,0.5383542,0.3706527,-0.05526385,-0.6823518,-0.6276612
3,7.02225,0.3523145,1.450591,0.5323637,0.3735003,-0.06595592,-0.6813246,-0.6260545
3,7.033361,0.3573904,1.460324,0.5261962,0.3768185,-0.07697804,-0.6801656,-0.6240649
3,7.044473,0.3573904,1.460324,0.5261962,0.3768185,-0.07697804,-0.6801656,-0.6240649
3,7.055584,0.3667741,1.479693,0.5127823,0.3856645,-0.09973792,-0.6760134,-0.6199365
3,7.066695,0.3709722,1.489046,0.5050533,0.391697,-0.1114658,-0.6719228,-0.6186022
3,7.077806,0.3746467,1.498056,0.4970875,0.3982654,-0.1229745,-0.666584,-0.6180031
3,7.088918,0.3782718,1.507022,0.4893868,0.4042121,-0.1338021,-0.66153,-0.6173231
3,7.100029,0.3807135,1.515208,0.4803412,0.4114867,-0.1441466,-0.6550481,-0.6171002
3,7.11114,0.3833206,1.523071,0.4713531,0.4176557,-0.1550949,-0.6496674,-0.6159883
3,7.122252,0.3859687,1.53107,0.4627059,0.4236757,-0.1662802,-0.6440974,-0.6148075
3,7.133363,0.3876946,1.538135,0.4530923,0.4311145,-0.1774553,-0.6366708,-0.6142477
3,7.144474,0.3894835,1.545282,0.4435632,0.4382928,-0.1879628,-0.6292259,-0.6137135
3,7.155585,0.3899958,1.551267,0.43348,0.4464497,-0.1965544,-0.6206599,-0.6138651
3,7.166697,0.3897517,1.556551,0.4236186,0.4544885,-0.2027509,-0.6132402,-0.6134075
3,7.177808,0.3890643,1.561417,0.4134181,0.4624252,-0.2062876,-0.6076505,-0.6118572
3,7.188919,0.388268,1.565967,0.403538,0.4701706,-0.2103968,-0.6030807,-0.6090702
3,7.20003,0.3856082,1.568621,0.3932302,0.4777672,-0.2111628,-0.6025111,-0.6034311
3,7.211142,0.3837316,1.572079,0.3835251,0.4848641,-0.2135687,-0.6006103,-0.598801
3,7.222253,0.3837316,1.572079,0.3835251,0.4848641,-0.2135687,-0.6006103,-0.598801
3,7.233364,0.3771749,1.576127,0.3639278,0.4994105,-0.2132703,-0.6003607,-0.5870877
3,7.244475,0.3740792,1.578182,0.3538237,0.506962,-0.2137761,-0.5990695,-0.581726
3,7.255587,0.3702719,1.579334,0.3440187,0.5138907,-0.2139977,-0.5984185,-0.5762089
3,7.266698,0.3702719,1.579334,0.3440187,0.5138907,-0.2139977,-0.5984185,-0.5762089
3,7.277809,0.3665965,1.580323,0.3341699,0.5204927,-0.2148635,-0.5959973,-0.5724582
3,7.28892,0.3588362,1.581446,0.3147554,0.53462,-0.2141327,-0.5866729,-0.569336
3,7.300032,0.3550596,1.58206,0.3050866,0.5422236,-0.2133329,-0.5821372,-0.5670971
3,7.311143,0.3509824,1.581927,0.2957311,0.5495879,-0.2115974,-0.5780699,-0.5648142
3,7.322254,0.3467236,1.581507,0.2865515,0.5566204,-0.2100012,-0.5753782,-0.5612605
3,7.333365,0.3425744,1.580971,0.2777255,0.5634804,-0.208315,-0.5737159,-0.556727
3,7.344477,0.3384514,1.580397,0.2687776,0.5701751,-0.2070865,-0.5723076,-0.5517968
3,7.355588,0.3344007,1.579442,0.2603035,0.5764485,-0.2050092,-0.5720825,-0.5462601
3,7.366699,0.3303809,1.578185,0.2517965,0.5822856,-0.2028479,-0.5715235,-0.5414398
3,7.37781,0.3268468,1.577142,0.2435679,0.5878583,-0.2004433,-0.5705183,-0.5373585
3,7.388922,0.3231766,1.576035,0.2353551,0.5932331,-0.1986149,-0.5688277,-0.5339117
3,7.400033,0.3200164,1.575057,0.2268384,0.5989871,-0.1973046,-0.566564,-0.5303684
3,7.411144,0.3175197,1.574408,0.2186074,0.6048915,-0.1976823,-0.5633485,-0.5269407
3,7.422256,0.3151524,1.5738,0.2104452,0.6108653,-0.1998465,-0.5596487,-0.5231619
3,7.433367,0.3134167,1.57349,0.2022395,0.6167614,-0.2017898,-0.5549805,-0.5204642
3,7.444478,0.3117435,1.573268,0.1943822,0.622859,-0.2022325,-0.5496883,-0.518644
3,7.455589,0.3117435,1.573268,0.1943822,0.622859,-0.2022325,-0.5496883,-0.518644
3,7.466701,0.3098879,1.572669,0.1863809,0.629099,-0.2019832,-0.5448245,-0.5163366
3,7.477812,0.3079917,1.572154,0.1712084,0.6414539,-0.2018155,-0.5364781,-0.5099007
3,7.488923,0.3073909,1.572026,0.1636672,0.6468774,-0.2027629,-0.5333837,-0.5059039
3,7.500034,0.3075752,1.572113,0.1565886,0.6514502,-0.2052694,-0.5308973,-0.5016226
3,7.511146,0.3085444,1.572654,0.149442,0.6561403,-0.2084846,-0.5270623,-0.4982163
3,7.522257,0.3099246,1.573548,0.1423657,0.6608962,-0.2134081,-0.5222862,-0.494864
3,7.533368,0.312129,1.574784,0.1353362,0.665207,-0.2212932,-0.517082,-0.4910755
3,7.544479,0.3145571,1.576079,0.1286108,0.6691728,-0.2300969,-0.5117599,-0.4872013
3,7.555591,0.3145571,1.576079,0.1286108,0.6691728,-0.2300969,-0.5117599,-0.4872013
3,7.566702,0.3205066,1.578576,0.1153011,0.6785386,-0.2426756,-0.4993123,-0.4810211
3,7.577813,0.3244257,1.57993,0.109262,0.6833615,-0.2477318,-0.492395,-0.4787413
3,7.588924,0.3280964,1.581392,0.1031439,0.6881735,-0.2528784,-0.4857316,-0.4759565
3,7.600036,0.3337696,1.583077,0.09821558,0.6928061,-0.2580483,-0.4785109,-0.4737703
3,7.611147,0.3388727,1.58457,0.09297061,0.6965485,-0.264355,-0.4726381,-0.4706909
3,7.622258,0.3447223,1.586227,0.08857965,0.6992909,-0.2728999,-0.4679182,-0.4664445
3,7.633369,0.3515923,1.588028,0.08484507,0.7002106,-0.2846067,-0.4642107,-0.4617495
3,7.644481,0.3579307,1.589636,0.08117461,0.7008824,-0.2963255,-0.4602283,-0.4573238
3,7.655592,0.3666251,1.591696,0.0789988,0.6986099,-0.3123714,-0.4571911,-0.4531496
3,7.666703,0.374135,1.593316,0.07586312,0.6983481,-0.3249675,-0.4528889,-0.4489964
3,7.677814,0.374135,1.593316,0.07586312,0.6983481,-0.3249675,-0.4528889,-0.4489964
3,7.688926,0.3906608,1.596804,0.07199883,0.6971682,-0.3477529,-0.4414507,-0.4451357
3,7.700037,0.3994832,1.598479,0.07132578,0.6971945,-0.356427,-0.433182,-0.4463552
3,7.711148,0.3994832,1.598479,0.07132578,0.6971945,-0.356427,-0.433182,-0.4463552
3,7.72226,0.4180229,1.601841,0.07149291,0.6960532,-0.3727638,-0.4177282,-0.4495111
3,7.733371,0.4180229,1.601841,0.07149291,0.6960532,-0.3727638,-0.4177282,-0.4495111
3,7.744482,0.4358497,1.604783,0.07366252,0.6926835,-0.3903535,-0.4056959,-0.4508043
3,7.755593,0.4446712,1.605899,0.07569695,0.6907771,-0.3988493,-0.4002615,-0.4511507
3,7.766705,0.4532955,1.606989,0.07773352,0.6887092,-0.4070653,-0.3946058,-0.4519556
3,7.777816,0.4619498,1.60795,0.08108711,0.6863412,-0.4140302,-0.3889343,-0.4541419
3,7.788927,0.4708848,1.608745,0.08527851,0.6841445,-0.4195231,-0.3821218,-0.4581808
3,7.800038,0.4795692,1.609669,0.08879733,0.6822457,-0.425239,-0.3756273,-0.4611037
3,7.81115,0.487474,1.610533,0.09360886,0.6797956,-0.4292379,-0.3700909,-0.4654736
3,7.822261,0.4956775,1.611386,0.09810472,0.6766254,-0.4345801,-0.3656394,-0.4686428
3,7.833372,0.5022364,1.612065,0.1044285,0.6724667,-0.4384615,-0.3651571,-0.4713814
3,7.844483,0.509728,1.612681,0.1094987,0.6690637,-0.4428508,-0.3639335,-0.4730639
3,7.855595,0.5154965,1.613239,0.1153946,0.6666351,-0.445687,-0.3643071,-0.4735411
3,7.866706,0.5209653,1.613737,0.1211412,0.6651304,-0.4479383,-0.3635908,-0.4740828
3,7.877817,0.5266805,1.614331,0.126744,0.6631842,-0.4506552,-0.3616375,-0.4757257
3,7.888928,0.531461,1.614844,0.133482,0.6604977,-0.4512709,-0.3582894,-0.4813794
3,7.90004,0.5371547,1.615337,0.139904,0.6567936,-0.4536116,-0.3547156,-0.486863
3,7.911151,0.5422652,1.615975,0.1466362,0.6525704,-0.4554488,-0.351195,-0.493336
3,7.922262,0.5464258,1.61656,0.1540215,0.6483132,-0.4559639,-0.3482095,-0.5005369
3,7.933373,0.5494525,1.617116,0.1614254,0.6444976,-0.4554585,-0.3463482,-0.5071719
3,7.944485,0.5519989,1.617545,0.1686008,0.6425673,-0.4527352,-0.3442946,-0.5134193
3,7.955596,0.55369,1.618002,0.1760948,0.6413808,-0.4491237,-0.3426292,-0.5191569
3,7.966707,0.5554078,1.618481,0.1832149,0.6393958,-0.4472737,-0.3422619,-0.5234272
3,7.977818,0.5546367,1.618678,0.1910391,0.6376601,-0.4442096,-0.3450591,-0.5263095
3,7.98893,0.5549879,1.618788,0.1985443,0.6356192,-0.4414598,-0.3458996,-0.5305233
3,8.000041,0.5541067,1.618777,0.2067404,0.6332459,-0.4375057,-0.3480172,-0.5352312
3,8.011152,0.5541067,1.618777,0.2067404,0.6332459,-0.4375057,-0.3480172,-0.5352312
3,8.022264,0.551286,1.618198,0.2245586,0.625588,-0.4286498,-0.3547722,-0.5468416
3,8.033375,0.548878,1.617522,0.2344115,0.6197108,-0.422574,-0.3602407,-0.5546318
3,8.044486,0.5460374,1.616561,0.2445059,0.6138277,-0.4151792,-0.3651656,-0.5634678
3,8.055597,0.5424757,1.614965,0.2542353,0.6098164,-0.4065834,-0.3681877,-0.5720593
3,8.066709,0.5383568,1.612913,0.263303,0.6078553,-0.3981459,-0.3688264,-0.5796196
3,8.07782,0.5342603,1.610996,0.2722676,0.606133,-0.3904715,-0.3687859,-0.5866275
3,8.088931,0.5292971,1.608195,0.2809596,0.6052048,-0.3821673,-0.3674992,-0.593818
3,8.100042,0.524049,1.605079,0.2900631,0.6026413,-0.373309,-0.3684816,-0.6014027
3,8.111154,0.518909,1.601859,0.2998862,0.5983586,-0.3639677,-0.371367,-0.6095746
3,8.122265,0.5124874,1.597603,0.3106647,0.5913445,-0.3530561,-0.3780742,-0.6186461
3,8.133376,0.5058768,1.59272,0.3215406,0.5833269,-0.3403439,-0.3870571,-0.62776
3,8.144487,0.498898,1.587247,0.3323619,0.5753109,-0.3278206,-0.397503,-0.63525
3,8.155599,0.491585,1.581301,0.3425429,0.5692227,-0.3159941,-0.4071248,-0.6406111
3,8.16671,0.484333,1.575713,0.3521583,0.564474,-0.3051666,-0.4135299,-0.6459376
3,8.177821,0.4765563,1.568803,0.3610754,0.5630445,-0.2939194,-0.417013,-0.650148
3,8.188932,0.4690423,1.561928,0.369961,0.5605834,-0.2823844,-0.4183599,-0.656491
3,8.200044,0.4614522,1.554419,0.3794692,0.5561054,-0.270133,-0.4197247,-0.6645346
3,8.211155,0.4543583,1.546861,0.3888843,0.5500687,-0.258193,-0.4224136,-0.6725531
3,8.222266,0.4468448,1.538104,0.3990023,0.5411617,-0.2461268,-0.4260416,-0.6819489
3,8.233377,0.4395342,1.528713,0.4089782,0.5314158,-0.233301,-0.4297835,-0.6917038
3,8.244489,0.4395342,1.528713,0.4089782,0.5314158,-0.233301,-0.4297835,-0.6917038
3,8.2556,0.4320476,1.51941,0.4185348,0.5229395,-0.2203997,-0.4333503,-0.7001184
3,8.266711,0.4166348,1.498839,0.4362144,0.5077738,-0.1961485,-0.441341,-0.713379
3,8.277822,0.4089897,1.488718,0.4448032,0.5015351,-0.1846802,-0.4444566,-0.7188978
3,8.288934,0.4012249,1.47766,0.4523246,0.4957562,-0.1740149,-0.4464169,-0.7243318
3,8.300045,0.3935809,1.466908,0.4606953,0.4881755,-0.1626347,-0.4477809,-0.7312502
3,8.311156,0.3860409,1.455176,0.4684017,0.4795953,-0.1504451,-0.4473064,-0.7397782
3,8.322268,0.3782802,1.443439,0.4762559,0.4712538,-0.1375306,-0.4466184,-0.7480222
3,8.333379,0.3703918,1.430884,0.4833691,0.4624788,-0.1238457,-0.4453835,-0.7565773
3,8.34449,0.3620508,1.418023,0.490557,0.4535265,-0.1108081,-0.4464797,-0.7633421
3,8.355601,0.3538754,1.405251,0.4973924,0.444313,-0.09755825,-0.4481412,-0.76957
3,8.366713,0.3450472,1.391947,0.5039842,0.4350756,-0.08350315,-0.4512064,-0.774693
3,8.377824,0.3361895,1.378727,0.5100374,0.4257998,-0.06872021,-0.4521774,-0.7807097
3,8.388935,0.3265278,1.365526,0.5153189,0.4175882,-0.05356606,-0.449955,-0.7875857
3,8.400046,0.3176348,1.352436,0.5206838,0.409456,-0.03991412,-0.4487025,-0.7933592
3,8.411158,0.3084526,1.339908,0.5252676,0.4021971,-0.02627454,-0.4468042,-0.7986947
3,8.422269,0.2984123,1.327479,0.5291448,0.3959074,-0.01276586,-0.4456689,-0.8027912
3,8.43338,0.2882714,1.315413,0.5324345,0.3887905,0.001531198,-0.4453478,-0.8065389
3,8.444491,0.2773857,1.303342,0.5353515,0.3811746,0.01775243,-0.4454005,-0.809944
3,8.455603,0.266942,1.291505,0.5384436,0.373545,0.03389123,-0.444921,-0.813241
3,8.466714,0.2554753,1.280541,0.5402653,0.3671876,0.05066979,-0.4446493,-0.8154097
3,8.477825,0.2439694,1.270497,0.5417395,0.362282,0.06744023,-0.4441638,-0.8166531
3,8.488936,0.2321422,1.261648,0.5423923,0.3591737,0.08353087,-0.4431353,-0.8170973
3,8.500048,0.2200418,1.25347,0.5430675,0.3570136,0.09867529,-0.4417408,-0.8171106
3,8.511159,0.208313,1.245515,0.5434916,0.3542414,0.1136133,-0.4400555,-0.8172859
3,8.52227,0.1959381,1.24016,0.5431631,0.3533823,0.1279992,-0.4362893,-0.8175505
3,8.533381,0.1841393,1.234086,0.5430593,0.3512875,0.1425224,-0.4325093,-0.8180588
3,8.544493,0.17219,1.229763,0.5426142,0.3508583,0.1559084,-0.4276556,-0.8183531
3,8.555604,0.17219,1.229763,0.5426142,0.3508583,0.1559084,-0.4276556,-0.8183531
3,8.566715,0.1480296,1.223149,0.5415225,0.3532946,0.1817506,-0.4205326,-0.8156604
3,8.577826,0.136086,1.222035,0.5402884,0.3571543,0.1938315,-0.4185282,-0.8122219
3,8.588938,0.1244547,1.222328,0.5388403,0.3617488,0.2059551,-0.4156906,-0.8086542
3,8.600049,0.1129644,1.222208,0.5374596,0.3658188,0.21824,-0.4127793,-0.8050846
3,8.61116,0.1016822,1.225131,0.5357618,0.3729309,0.2283829,-0.410912,-0.7999469
3,8.622272,0.0911274,1.226594,0.5339022,0.3784253,0.2380993,-0.4090856,-0.7954571
3,8.633383,0.080513,1.230551,0.5324597,0.385078,0.2454371,-0.4080734,-0.7905388
3,8.644494,0.07021523,1.235121,0.5311911,0.3914425,0.2523827,-0.4070944,-0.7857162
3,8.655605,0.0602622,1.240198,0.5296443,0.3983948,0.2598931,-0.4053361,-0.7806663
3,8.666717,0.05090761,1.246363,0.5277877,0.4068233,0.266835,-0.4036846,-0.7748114
3,8.677828,0.04149437,1.252091,0.5260067,0.4151328,0.2736235,-0.4023463,-0.7687083
3,8.688939,0.03257918,1.259493,0.5239379,0.4251677,0.2784935,-0.4022573,-0.7614873
3,8.70005,0.02430916,1.267386,0.5219131,0.4354628,0.2819875,-0.4025911,-0.7541721
3,8.711162,0.01653337,1.276105,0.5199842,0.445751,0.2848438,-0.4024479,-0.7471318
3,8.722273,0.01653337,1.276105,0.5199842,0.445751,0.2848438,-0.4024479,-0.7471318
3,8.733384,0.008452177,1.284581,0.5183616,0.4554061,0.2880075,-0.4018208,-0.7404033
3,8.744495,-0.005072832,1.303286,0.5154896,0.4755167,0.2912478,-0.400914,-0.7268608
3,8.755607,-0.01051569,1.313461,0.514245,0.4854798,0.290429,-0.4014108,-0.7202984
3,8.766718,-0.01558423,1.324357,0.5133226,0.4950875,0.2887846,-0.4014923,-0.7143499
3,8.777829,-0.01968598,1.335225,0.512254,0.5042353,0.2864037,-0.4016382,-0.7088064
3,8.78894,-0.02335763,1.346537,0.51156,0.5136195,0.2834817,-0.4015252,-0.7032856
3,8.800052,-0.02706015,1.357506,0.5106595,0.5231456,0.2806462,-0.402062,-0.6970671
3,8.811163,-0.0294745,1.36916,0.5102913,0.5332317,0.2753721,-0.403557,-0.6906344
3,8.822274,-0.03124273,1.380758,0.509779,0.5434732,0.2689115,-0.4061448,-0.6836447
3,8.833385,-0.03340137,1.392147,0.5095551,0.5532223,0.2628549,-0.4082671,-0.6768829
3,8.844497,-0.03401327,1.404012,0.5093198,0.5626256,0.2544103,-0.4113598,-0.6704558
3,8.855608,-0.03409588,1.415895,0.5094848,0.5705438,0.2459043,-0.4133948,-0.6656694
3,8.866719,-0.03409588,1.415895,0.5094848,0.5705438,0.2459043,-0.4133948,-0.6656694
3,8.877831,-0.03335834,1.439417,0.510344,0.5840049,0.2288138,-0.414526,-0.6593564
3,8.888942,-0.03188574,1.451543,0.5112925,0.5890401,0.2190451,-0.4137084,-0.6587081
3,8.900053,-0.02968228,1.4636,0.5121944,0.5937769,0.2088573,-0.4118798,-0.6589103
3,8.911164,-0.02727664,1.475503,0.5132248,0.5984599,0.199224,-0.4085448,-0.6597324
3,8.922276,-0.02446342,1.48736,0.5140693,0.6039871,0.1886062,-0.4050831,-0.6599507
3,8.933387,-0.02089703,1.499219,0.5148246,0.6092519,0.1771956,-0.4026574,-0.6597582
3,8.944498,-0.01786959,1.510515,0.5157032,0.6140836,0.1665954,-0.4008501,-0.6591408
3,8.955609,-0.01369464,1.521148,0.5164282,0.6184841,0.1557454,-0.3998497,-0.6582865
3,8.966721,-0.009711504,1.531744,0.5177059,0.6222026,0.1453216,-0.399459,-0.6574025
3,8.977832,-0.004763842,1.542067,0.5184708,0.6253469,0.1354998,-0.3987599,-0.6569411
3,8.988943,-0.0003311634,1.552164,0.519623,0.6282417,0.1256385,-0.3976254,-0.6568268
3,9.000054,0.005455971,1.561804,0.5207067,0.6310108,0.1143517,-0.3962262,-0.6570799
3,9.011166,0.01178145,1.571,0.5218897,0.6337521,0.1015419,-0.3944345,-0.6576237
3,9.022277,0.01850915,1.580284,0.522666,0.6368071,0.088195,-0.3915542,-0.6583189
3,9.033388,0.02514005,1.589283,0.5238428,0.6397271,0.07541569,-0.3888978,-0.6586503
3,9.044499,0.02514005,1.589283,0.5238428,0.6397271,0.07541569,-0.3888978,-0.6586503
3,9.055611,0.04027104,1.605311,0.5259326,0.6435675,0.05006821,-0.3841001,-0.6601372
3,9.066722,0.04822779,1.612287,0.527112,0.6446149,0.03853481,-0.3820187,-0.6610964
3,9.077833,0.05641222,1.618881,0.5280635,0.6454237,0.02708228,-0.3795579,-0.6622919
3,9.088944,0.0648973,1.624941,0.5292616,0.6456988,0.0146353,-0.3768613,-0.6639537
3,9.100056,0.0731802,1.631001,0.5304103,0.6458067,0.002617887,-0.3737928,-0.6657371
3,9.111167,0.08224511,1.635951,0.531527,0.64489,-0.008629818,-0.3698028,-0.6687962
3,9.122278,0.0909996,1.640706,0.5329657,0.6439099,-0.02021299,-0.3655409,-0.6718269
3,9.133389,0.1002111,1.64491,0.5341616,0.6431006,-0.03132831,-0.3612907,-0.6744696
3,9.144501,0.1094716,1.647665,0.5350437,0.6421111,-0.04108162,-0.3567041,-0.6773241
3,9.155612,0.118783,1.64971,0.5361276,0.6414782,-0.05113468,-0.3528165,-0.6792729
3,9.166723,0.1282897,1.651363,0.5372143,0.6405342,-0.06120207,-0.3497828,-0.6808982
3,9.177835,0.1375794,1.652332,0.5383291,0.6385685,-0.06997444,-0.34706,-0.6832887
3,9.188946,0.1468604,1.65243,0.5400302,0.6361161,-0.07803181,-0.3442636,-0.6861122
3,9.200057,0.1564441,1.652822,0.5411935,0.6340003,-0.0863672,-0.3409094,-0.6887417
3,9.211168,0.1660452,1.650893,0.5428047,0.6309584,-0.09476888,-0.3375808,-0.6920619
3,9.22228,0.1758528,1.650071,0.5444069,0.6278048,-0.1042231,-0.3340212,-0.6952903
3,9.233391,0.1854491,1.647584,0.5462892,0.6229805,-0.1135411,-0.3295952,-0.7002648
3,9.244502,0.1954896,1.64456,0.5485384,0.6171836,-0.1223105,-0.324376,-0.7063319
3,9.255613,0.2048459,1.640669,0.5510423,0.6110192,-0.1296913,-0.3192864,-0.7126654
3,9.266725,0.2139404,1.636071,0.5538244,0.6047497,-0.1360275,-0.3151531,-0.7186466
3,9.277836,0.2231767,1.631722,0.5562005,0.5986347,-0.1425914,-0.311913,-0.7238885
3,9.288947,0.2313819,1.625895,0.5590672,0.5918764,-0.1478482,-0.3106386,-0.7289217
3,9.300058,0.2399669,1.62063,0.5617867,0.5856494,-0.1537638,-0.3094017,-0.7332408
3,9.31117,0.2474561,1.613763,0.5646656,0.5793702,-0.1587009,-0.30971,-0.7370372
3,9.322281,0.2550929,1.60615,0.5676055,0.5726952,-0.1635691,-0.309665,-0.741197
3,9.333392,0.2624807,1.598463,0.5706139,0.5654868,-0.1678032,-0.3093014,-0.7459219
3,9.344503,0.2693102,1.590181,0.5737605,0.5576683,-0.1706535,-0.3086679,-0.7514037
3,9.355615,0.2758236,1.581155,0.576926,0.5492082,-0.1729402,-0.3078093,-0.7574401
3,9.366726,0.2823198,1.572637,0.5802314,0.5405213,-0.1758979,-0.3068971,-0.763355
3,9.377837,0.2884498,1.562934,0.583446,0.5313709,-0.1772713,-0.3051215,-0.7701434
3,9.388948,0.2942238,1.553205,0.5867703,0.5222724,-0.178508,-0.3032151,-0.7768058
3,9.40006,0.2995484,1.543319,0.5896218,0.5130733,-0.1804145,-0.3032133,-0.7824757
3,9.411171,0.3046362,1.533261,0.5924494,0.5041533,-0.1830234,-0.3044194,-0.7871854
3,9.422282,0.3097394,1.52357,0.5950668,0.4957541,-0.1857019,-0.305809,-0.791343
3,9.433393,0.3137157,1.513541,0.5975544,0.4873767,-0.1872006,-0.3079835,-0.7953403
3,9.444505,0.3179765,1.503429,0.6002657,0.4787164,-0.1880062,-0.3091039,-0.799962
3,9.455616,0.3206501,1.493113,0.6025648,0.4701754,-0.1862044,-0.3109967,-0.8047013
3,9.466727,0.3235703,1.483049,0.6048198,0.4616024,-0.1849153,-0.3125367,-0.8093518
3,9.477839,0.3264828,1.472808,0.6070669,0.4530563,-0.1839075,-0.3135684,-0.8139982
3,9.48895,0.3293972,1.463116,0.6091247,0.4446562,-0.1833084,-0.3143662,-0.8184454
3,9.500061,0.3311777,1.45392,0.6109235,0.437438,-0.1834666,-0.3152557,-0.8219501
3,9.511172,0.3335547,1.444904,0.6126394,0.430156,-0.1835212,-0.3163836,-0.8253407
3,9.522284,0.3351798,1.436445,0.6143177,0.4230422,-0.1830267,-0.3180794,-0.8284698
3,9.533395,0.3363903,1.428499,0.6157527,0.4164801,-0.1817132,-0.3193061,-0.8316059
3,9.544506,0.3375578,1.421519,0.6168902,0.4104073,-0.1803453,-0.3198209,-0.8347191
3,9.555617,0.3387725,1.414144,0.6181197,0.4042841,-0.1793396,-0.320139,-0.8377964
3,9.566729,0.3395443,1.409708,0.6184642,0.4001456,-0.1794825,-0.3191608,-0.8401226
3,9.57784,0.3405647,1.404149,0.6191411,0.3956915,-0.17971,-0.3183522,-0.8424871
3,9.588951,0.3412333,1.400641,0.6191499,0.3929878,-0.179709,-0.3160184,-0.8446287
3,9.600062,0.3418286,1.396483,0.6196718,0.3901167,-0.1791934,-0.3138579,-0.8468719
3,9.611174,0.3421547,1.394622,0.6192462,0.3892449,-0.1793926,-0.311372,-0.8481476
3,9.622285,0.3425467,1.393187,0.6188841,0.3885965,-0.1814754,-0.3091711,-0.8488067
3,9.633396,0.3431723,1.392769,0.6179216,0.3889078,-0.1854489,-0.3071813,-0.8485277
3,9.644507,0.3437331,1.392579,0.6166444,0.3894119,-0.1893219,-0.3045657,-0.848384
3,9.655619,0.3443418,1.392203,0.615948,0.3893878,-0.1914526,-0.3013323,-0.8490713
3,9.66673,0.3446486,1.392585,0.6144297,0.3892016,-0.1930398,-0.2972529,-0.8502344
3,9.677841,0.3445017,1.393402,0.6132469,0.3884811,-0.1930496,-0.2946559,-0.8514648
